OBJECTID,GlobalID,aGUID,How many days have you fished in the last 12 months?,How many years have you been fishing for?,"Are you a scuba diver? If so, what is your certification?","If SCUBA DIVER, how many dives have you done?",What year were you born?,What is your postcode?,"If VISITOR, where are you staying?",# Female or Male,# Number of females in party (excluding participant),# Number of males in party (excluding participant),# Number of girls in party,# Number of boys in party,# Boat Length (m),# Boat number and/or name,Comments,CreationDate,Creator,EditDate,Editor,CreationDate,Creator,EditDate,Editor
1,cef33f4f-ca47-4331-a60a-1676f85f148e,dc0117f3-d0a8-413f-8148-981062e475a9,0,0,None,,1954,6450,Esperance,Male,,,,,3,Weto ,"Non-motorised boat, (sail boat)- not sure if ‘weto’ is brand or boat name, but there was no other number",4/26/2022 7:30:14 AM,Nicole.Hamre_UWA,4/26/2022 7:30:14 AM,Nicole.Hamre_UWA,1/17/2022 1:32:33 AM,Nicole.Hamre_UWA,1/17/2022 4:14:43 AM,Nicole.Hamre_UWA,,
2,01c3ee22-a635-4f32-bebe-91fc133a36e1,066c421f-db26-47f4-ac29-ccbb588db176,10,20,None,,1978,6446,Esperance,Male,2,1,3,4,3,Bm079,,4/26/2022 7:30:14 AM,Nicole.Hamre_UWA,4/26/2022 7:30:14 AM,Nicole.Hamre_UWA,1/17/2022 7:01:43 AM,Nicole.Hamre_UWA,1/17/2022 7:01:43 AM,Nicole.Hamre_UWA,,
3,feed1bcf-3770-47e6-a4e2-5e52889cbcfc,85e33d86-5fb0-4e33-b1c2-83c97e00c1ee,60,65,None,,1946,6450,Esperance,Male,,1,,,3,90856,,4/26/2022 7:30:14 AM,Nicole.Hamre_UWA,4/26/2022 7:30:14 AM,Nicole.Hamre_UWA,1/21/2022 2:23:25 AM,Nicole.Hamre_UWA,1/21/2022 2:23:25 AM,Nicole.Hamre_UWA,,
4,af9bdd71-86dd-4b25-84da-ccce7658b008,002a7396-a8cb-471f-8b2c-cc8da5f4e356,6,38,None,,1980,6450,Esperance,Male,,1,,,3,BG566,,4/26/2022 7:30:14 AM,Nicole.Hamre_UWA,4/26/2022 7:30:14 AM,Nicole.Hamre_UWA,1/21/2022 2:52:04 AM,Nicole.Hamre_UWA,1/21/2022 2:52:04 AM,Nicole.Hamre_UWA,,
5,3e224818-671d-4d6c-8a4c-b52b417b487b,8f465ef1-5a7f-45a3-b450-e1d1ec4f282b,5,1,None,,1970,6556,Esperance,Female,,1,2,,3,Gd329,,4/26/2022 7:30:14 AM,Nicole.Hamre_UWA,4/26/2022 7:30:14 AM,Nicole.Hamre_UWA,1/21/2022 3:01:08 AM,Nicole.Hamre_UWA,1/21/2022 3:01:08 AM,Nicole.Hamre_UWA,,
6,07989e00-ca85-49b3-9fd6-7c38a4e6d410,00fe4bfa-98d7-4922-9759-94294db3fe39,20,10,None,,1992,6450,Esperance,Female,,1,,,3,42950,,4/26/2022 7:30:14 AM,Nicole.Hamre_UWA,4/26/2022 7:30:14 AM,Nicole.Hamre_UWA,1/21/2022 11:35:56 PM,Nicole.Hamre_UWA,1/21/2022 11:35:56 PM,Nicole.Hamre_UWA,,
7,3cb0c4e0-76a6-4802-8010-e6bb5d3c40bd,efa5fdc5-dfc5-40fe-96a7-2252e89b45f8,8,30,None,,1973,6450,Esperance,Male,,1,,,6,48677,Lives half the year in Kalgoorlie ,4/26/2022 7:30:14 AM,Nicole.Hamre_UWA,4/26/2022 7:30:14 AM,Nicole.Hamre_UWA,1/22/2022 3:28:49 AM,Nicole.Hamre_UWA,1/22/2022 3:28:49 AM,Nicole.Hamre_UWA,,
8,06252fac-60a6-430e-a81a-0c439285f1cb,c53dae6d-cfdf-4443-94c9-37e6eb756ae4,6,20,None,,1975,6237,PinkLake,Female,,1,,3,4,D1578,,4/26/2022 7:30:14 AM,Nicole.Hamre_UWA,4/26/2022 7:30:14 AM,Nicole.Hamre_UWA,1/22/2022 3:59:32 AM,Nicole.Hamre_UWA,1/22/2022 3:59:32 AM,Nicole.Hamre_UWA,,
9,afa5a69e-df43-4e09-af5a-83c7381ddc1c,b48ced61-1739-4972-a576-3e9b066098c5,5,20,None,,1984,6447,Esperance,Male,,2,,,6,EB769,"Concerned about marine park, said that even if they don’t close of beach and marine space initially, that the govt has the power to do so in future - which seems to be his main concern",4/26/2022 7:30:14 AM,Nicole.Hamre_UWA,4/26/2022 7:30:14 AM,Nicole.Hamre_UWA,1/22/2022 4:56:35 AM,Nicole.Hamre_UWA,1/22/2022 4:56:35 AM,Nicole.Hamre_UWA,,
10,ae85c7b3-b216-47a0-8cc1-4089bdd8bebf,f6656fa9-f674-4580-9235-bf5d949a9879,2,30,None,,1987,6432,Esperance,Female,1,2,2,,7,Gg053,,4/26/2022 7:30:14 AM,Nicole.Hamre_UWA,4/26/2022 7:30:14 AM,Nicole.Hamre_UWA,1/22/2022 5:03:10 AM,Nicole.Hamre_UWA,1/22/2022 5:03:10 AM,Nicole.Hamre_UWA,,
11,4bff83da-b150-42d0-b9f2-268511a65ff7,b1c70484-6603-4d98-a5a6-49eefcb6fbde,10,35,None,,1976,6448,Esperance,Male,,,,,7,CU900,,4/26/2022 7:30:14 AM,Nicole.Hamre_UWA,4/26/2022 7:30:14 AM,Nicole.Hamre_UWA,1/22/2022 6:56:47 AM,Nicole.Hamre_UWA,1/22/2022 6:56:47 AM,Nicole.Hamre_UWA,,
12,403d13e0-a783-46c0-a8a2-9bc15c864a48,5c97bb53-87ba-4bb2-b165-c7d919d44655,20,25,None,,1982,6450,Esperance,Male,,1,,2,8,Df511,"Have been deprecated twice ever, say it’s really rare. Also concern for marine park - not sure if commercial fishers will be impacted e.g. will purse-line fishers be allowed to operate in marine parks. Said that a valuable source of info is the fishing club.",4/26/2022 7:30:14 AM,Nicole.Hamre_UWA,4/26/2022 7:30:14 AM,Nicole.Hamre_UWA,1/23/2022 2:19:36 AM,Nicole.Hamre_UWA,1/23/2022 2:24:44 AM,Nicole.Hamre_UWA,,
13,7421eb0b-3083-451e-9163-79cf1a3ce6b7,ed8bee0f-b535-4255-9e07-2a0a2cdc5650,12,38,None,,1980,6450,Esperance,Male,1,,1,1,3,GJ315,,4/26/2022 7:30:14 AM,Nicole.Hamre_UWA,4/26/2022 7:30:14 AM,Nicole.Hamre_UWA,1/23/2022 4:08:01 AM,Nicole.Hamre_UWA,1/23/2022 4:08:01 AM,Nicole.Hamre_UWA,,
14,7600f87d-9885-4c3e-8654-0070fa5a06bc,f850b07d-d08a-4597-8836-07cf3612057b,1,30,None,,1977,6430,Esperance,Male,,1,,,3,BR445,,4/26/2022 7:30:14 AM,Nicole.Hamre_UWA,4/26/2022 7:30:14 AM,Nicole.Hamre_UWA,1/23/2022 4:40:25 AM,Nicole.Hamre_UWA,1/23/2022 4:40:25 AM,Nicole.Hamre_UWA,,
15,3374a508-29ee-478f-a876-c474edae34db,1d84e23c-1c4a-468a-b00e-1099cc37d9b9,10,35,DM,500,1977,6450,Esperance,Male,1,,2,,3,DD038,Commercial diver in the past,4/26/2022 7:30:14 AM,Nicole.Hamre_UWA,4/26/2022 7:30:14 AM,Nicole.Hamre_UWA,1/23/2022 4:54:17 AM,Nicole.Hamre_UWA,1/23/2022 4:54:17 AM,Nicole.Hamre_UWA,,
16,2e987ea1-8d67-4d8e-8066-6aae91513178,8ef85227-8aa8-41ec-b017-40cf8c1516cd,75,20,None,,1999,6450,Esperance,Male,,1,,,4,AV079,,4/26/2022 7:30:14 AM,Nicole.Hamre_UWA,4/26/2022 7:30:14 AM,Nicole.Hamre_UWA,1/23/2022 5:16:24 AM,Nicole.Hamre_UWA,1/23/2022 5:16:24 AM,Nicole.Hamre_UWA,,
17,dcb4e5b5-e496-4e5a-99f2-05b6c41a2b7f,27d42d98-c39d-4243-b705-15f8ee4f34f9,12,20,None,0,1975,6237,PinkLake,Female,0,1,0,4,4,D1507,Flat rock - 2km off Wyllie point,4/26/2022 7:30:14 AM,Nicole.Hamre_UWA,4/26/2022 7:30:14 AM,Nicole.Hamre_UWA,1/20/2022 3:21:59 AM,Nicole.Hamre_UWA,1/20/2022 3:21:59 AM,Nicole.Hamre_UWA,,
18,47f670eb-852f-40ed-bc3f-5d55cf117cce,f11653ec-00b4-43a0-9ccc-17f9c2078a2f,50,55,None,0,1963,0,Esperance,Female,0,0,0,0,6,GF954,,4/26/2022 7:30:14 AM,Nicole.Hamre_UWA,4/26/2022 7:30:14 AM,Nicole.Hamre_UWA,1/20/2022 3:35:25 AM,Nicole.Hamre_UWA,1/20/2022 3:35:25 AM,Nicole.Hamre_UWA,,
19,d9f2bc00-f269-45ca-90aa-c370f0d09ae5,f8c7b042-f471-4389-b8e4-020f1be4ce9d,30,30,I,550,1985,0,Esperance,Male,0,0,0,0,8,Dm262,Wasn’t an instructor but very experience commercial tech diver with over 5000 dives,4/26/2022 7:30:14 AM,Nicole.Hamre_UWA,4/26/2022 7:30:14 AM,Nicole.Hamre_UWA,1/20/2022 4:18:14 AM,Nicole.Hamre_UWA,1/20/2022 5:11:24 AM,Nicole.Hamre_UWA,,
20,aa44703f-39ef-48f8-9adc-5e7a600d75ff,88780bb7-d3cd-474a-8a17-f5540f5eff05,30,30,None,0,1961,0,Esperance,Male,0,0,0,0,5,GQ273,"MP is a good thing we can’t keep raping and pillaging the ocean, as a red fisher we go out for enjoyment. We’ve been told we will be consider so just have to hope that’s true.",4/26/2022 7:30:14 AM,Nicole.Hamre_UWA,4/26/2022 7:30:14 AM,Nicole.Hamre_UWA,1/20/2022 4:32:18 AM,Nicole.Hamre_UWA,1/20/2022 4:32:18 AM,Nicole.Hamre_UWA,,
21,6a303b72-a354-406c-889c-c3faf3aad89f,5598b27d-78b7-4155-8248-6ea143f2d96e,30,30,OW,200,1980,6171,Castletown,Male,,1,,1,4,Bt632,,4/26/2022 7:30:14 AM,Nicole.Hamre_UWA,4/26/2022 7:30:14 AM,Nicole.Hamre_UWA,1/20/2022 5:05:44 AM,Nicole.Hamre_UWA,1/20/2022 5:05:44 AM,Nicole.Hamre_UWA,,
22,7d2864a0-ca5e-4d1b-a0d6-d2f8f213fbc9,16a592b9-b766-4033-9b88-4b4d26cc2052,6,40,OW,6,1979,6280,Esperance,Male,0,0,0,0,4,GJ987,,4/26/2022 7:30:14 AM,Nicole.Hamre_UWA,4/26/2022 7:30:14 AM,Nicole.Hamre_UWA,1/21/2022 1:03:16 AM,Nicole.Hamre_UWA,1/21/2022 1:03:16 AM,Nicole.Hamre_UWA,,
23,aae95093-8cc6-4a52-a4d2-ece95034113e,bb2d0ca0-d8ba-4f21-866f-56ac5bffaf8c,12,30,None,0,1987,6069,Esperance,Female,0,1,2,2,5,49621/Pegasus,,4/26/2022 7:30:14 AM,Nicole.Hamre_UWA,4/26/2022 7:30:14 AM,Nicole.Hamre_UWA,1/21/2022 3:13:30 AM,Nicole.Hamre_UWA,1/21/2022 3:13:30 AM,Nicole.Hamre_UWA,,
24,3e337bc3-800a-454c-b04a-5d85956d500d,501e1d61-2b4a-4de3-a678-d2b49f194587,20,10,None,0,1992,0,Esperance,Female,0,1,0,0,3,42950,,4/26/2022 7:30:14 AM,Nicole.Hamre_UWA,4/26/2022 7:30:14 AM,Nicole.Hamre_UWA,1/21/2022 3:18:46 AM,Nicole.Hamre_UWA,1/21/2022 3:18:46 AM,Nicole.Hamre_UWA,,
25,4d155b68-9a67-4c0f-8b53-ecf55337a341,c06c5453-0167-4963-a346-01e85fcc898f,50,45,None,0,1969,0,Esperance,Male,1,1,0,0,3,BA299,,4/26/2022 7:30:14 AM,Nicole.Hamre_UWA,4/26/2022 7:30:14 AM,Nicole.Hamre_UWA,1/22/2022 12:00:54 AM,Nicole.Hamre_UWA,1/22/2022 12:00:54 AM,Nicole.Hamre_UWA,,
26,e7ac9ac7-72f9-4260-b532-e446787f6f55,b2f19e9f-6083-46dc-9427-d3481f8723e0,20,30,None,0,1983,0,Esperance,Male,1,0,0,0,3,BT630,,4/26/2022 7:30:14 AM,Nicole.Hamre_UWA,4/26/2022 7:30:14 AM,Nicole.Hamre_UWA,1/22/2022 12:12:40 AM,Nicole.Hamre_UWA,1/22/2022 12:12:40 AM,Nicole.Hamre_UWA,,
27,d4b0a847-7db1-40b2-9627-3d51725b7876,974d0faf-1d97-467d-8888-96856bc06fa8,10,20,None,0,1989,0,Esperance,Male,0,0,0,0,3,DX354,,4/26/2022 7:30:14 AM,Nicole.Hamre_UWA,4/26/2022 7:30:14 AM,Nicole.Hamre_UWA,1/22/2022 12:25:00 AM,Nicole.Hamre_UWA,1/22/2022 12:25:00 AM,Nicole.Hamre_UWA,,
28,143cbc2c-473a-43da-a6d6-055e64cd2c31,09aba671-9aaf-4d6d-af23-cfcbc3df4bb7,50,26,None,0,1970,0,Esperance,Female,0,2,0,0,4,86310,,4/26/2022 7:30:14 AM,Nicole.Hamre_UWA,4/26/2022 7:30:14 AM,Nicole.Hamre_UWA,1/22/2022 2:54:17 AM,Nicole.Hamre_UWA,1/22/2022 2:56:45 AM,Nicole.Hamre_UWA,,
29,e00ccb8a-7e43-4915-9bbf-3349dc7f4d1a,dd9a53f2-5e50-4595-b520-1eee6dbba0e5,4,40,None,0,1977,0,Esperance,Male,0,0,0,0,3,BW453,,4/26/2022 7:30:14 AM,Nicole.Hamre_UWA,4/26/2022 7:30:14 AM,Nicole.Hamre_UWA,1/22/2022 3:48:11 AM,Nicole.Hamre_UWA,1/22/2022 3:48:11 AM,Nicole.Hamre_UWA,,
30,9185ca4c-b04f-4978-985d-518730c9e8de,c3cc11ae-3809-4500-8943-37881670135a,20,40,None,0,1966,6429,Esperance,Female,0,1,0,0,6,,From Kalgoorlie - have 2 holiday homes here. Fishing avidity depends how often they get down here in a year,4/26/2022 7:30:14 AM,Nicole.Hamre_UWA,4/26/2022 7:30:14 AM,Nicole.Hamre_UWA,1/22/2022 3:56:05 AM,Nicole.Hamre_UWA,1/22/2022 3:56:05 AM,Nicole.Hamre_UWA,,
31,afeaa453-96f0-4ef4-91bc-0ef23bc90652,046d21a2-3a21-47ce-851f-31c1f0f59ee4,10,40,None,0,1974,0,Esperance,Male,0,3,0,0,6,BJ468,,4/26/2022 7:30:14 AM,Nicole.Hamre_UWA,4/26/2022 7:30:14 AM,Nicole.Hamre_UWA,1/22/2022 4:06:03 AM,Nicole.Hamre_UWA,1/22/2022 4:06:03 AM,Nicole.Hamre_UWA,,
32,33b5dfd4-0cd8-4ea9-b339-786e049b7f31,42027b7b-d2bb-46ee-ba54-05fb2d203a52,1,20,None,0,1994,0,Esperance,Male,1,0,0,0,2,Er673,JetSki,4/26/2022 7:30:14 AM,Nicole.Hamre_UWA,4/26/2022 7:30:14 AM,Nicole.Hamre_UWA,1/22/2022 4:24:02 AM,Nicole.Hamre_UWA,1/22/2022 4:24:02 AM,Nicole.Hamre_UWA,,
33,2c72fa10-20b8-4aa8-ac4a-664ae118c8c7,3ab81eec-bdeb-41fe-8372-c88300e0e048,26,40,None,0,1960,0,Esperance,Male,0,0,0,2,4,DP921,,4/26/2022 7:30:14 AM,Nicole.Hamre_UWA,4/26/2022 7:30:14 AM,Nicole.Hamre_UWA,1/22/2022 4:48:02 AM,Nicole.Hamre_UWA,1/22/2022 4:48:17 AM,Nicole.Hamre_UWA,,
34,8db11105-ca14-4956-97de-2e384f7cbad7,d0591308-4e94-42f8-baea-12b0c6402e42,10,15,None,0,1991,0,Esperance,Female,0,1,0,0,4,AQ064,,4/26/2022 7:30:14 AM,Nicole.Hamre_UWA,4/26/2022 7:30:14 AM,Nicole.Hamre_UWA,1/22/2022 5:11:45 AM,Nicole.Hamre_UWA,1/22/2022 5:14:59 AM,Nicole.Hamre_UWA,,
35,9ffe2bf9-f1c9-4b2a-817a-f4a7a7ce0695,6471ce97-77b6-4b12-8bec-2f677699ce16,20,30,None,0,1979,6230,LuckyBay,Male,0,0,0,1,3,AR059,,4/26/2022 7:30:14 AM,Nicole.Hamre_UWA,4/26/2022 7:30:14 AM,Nicole.Hamre_UWA,1/23/2022 2:41:44 AM,Nicole.Hamre_UWA,1/23/2022 2:41:44 AM,Nicole.Hamre_UWA,,
36,a33431d7-4a26-42bc-a6a8-b73d94b1cb81,e18ffbd2-e2d8-43e7-99d0-9f27a0fafb65,26,3,None,0,1987,0,Esperance,Male,0,3,0,0,7,DZ982,,4/26/2022 7:30:14 AM,Nicole.Hamre_UWA,4/26/2022 7:30:14 AM,Nicole.Hamre_UWA,1/23/2022 4:15:53 AM,Nicole.Hamre_UWA,1/23/2022 4:15:53 AM,Nicole.Hamre_UWA,,
37,1c9ddca3-167f-4056-b187-ac36e529c949,0bf88168-0b51-4c04-a5df-1de4806b8999,5,30,None,0,1954,0,Esperance,Female,0,2,0,0,6,Gg053,,4/26/2022 7:30:14 AM,Nicole.Hamre_UWA,4/26/2022 7:30:14 AM,Nicole.Hamre_UWA,1/23/2022 4:28:00 AM,Nicole.Hamre_UWA,1/23/2022 4:28:00 AM,Nicole.Hamre_UWA,,
38,c68de75b-4be9-43ad-a6f6-c357c0a2c4ab,db2d8dc4-07fe-4482-bfe9-135b73baf206,125,20,I,500,1985,0,Esperance,Male,0,0,0,0,7,Dm262,,4/26/2022 7:30:14 AM,Nicole.Hamre_UWA,4/26/2022 7:30:14 AM,Nicole.Hamre_UWA,1/23/2022 4:35:13 AM,Nicole.Hamre_UWA,1/23/2022 4:35:13 AM,Nicole.Hamre_UWA,,
39,9a6680f2-c64b-4a25-8ba9-3fdd2edf999b,f25d9cf6-3f24-4f14-bbcd-2dbcce33b748,12,21,None,0,1994,0,Esperance,Male,0,0,0,1,6,E1686,"Concerned about MP, part of fishing club, weather stops us fishing so we can deplete stocks, should manage using bag limits",4/26/2022 7:30:14 AM,Nicole.Hamre_UWA,4/26/2022 7:30:14 AM,Nicole.Hamre_UWA,1/23/2022 4:57:32 AM,Nicole.Hamre_UWA,1/23/2022 4:59:40 AM,Nicole.Hamre_UWA,,
40,e000a287-66cb-4579-bcd3-72829523de88,a8fad5c3-1e10-4509-a0c6-cdfa3cdb488d,6,20,None,,1957,6407,DukeOrleans,Male,,,,,3,EU550,,4/26/2022 7:30:14 AM,Nicole.Hamre_UWA,4/26/2022 7:30:14 AM,Nicole.Hamre_UWA,1/24/2022 1:42:19 AM,Nicole.Hamre_UWA,1/24/2022 1:42:19 AM,Nicole.Hamre_UWA,,
41,5d52c311-0ff0-4ffa-89a9-0a66be88d9c0,d821ee09-4f80-4aa1-ba33-4ec70b53a8ba,25,40,None,0,1976,0,Esperance,Male,0,0,0,0,6,AK488,,4/26/2022 7:30:14 AM,Nicole.Hamre_UWA,4/26/2022 7:30:14 AM,Nicole.Hamre_UWA,2/16/2022 1:45:29 AM,Nicole.Hamre_UWA,2/16/2022 1:45:29 AM,Nicole.Hamre_UWA,,
42,130c460b-bb78-4747-aaa1-532c61bc43e0,2f09f756-a353-4e72-9f94-435e303d7730,35,57,None,0,1962,0,Esperance,Male,0,0,0,0,4,GF954,,4/26/2022 7:30:14 AM,Nicole.Hamre_UWA,4/26/2022 7:30:14 AM,Nicole.Hamre_UWA,2/16/2022 2:35:04 AM,Nicole.Hamre_UWA,2/16/2022 2:35:04 AM,Nicole.Hamre_UWA,,
43,705a916d-7d09-4586-9906-cc635f7e7ac7,d3f8d55d-3738-4225-9b21-28e068eff9f6,24,15,None,0,1990,6164,Castletown,Male,1,0,0,0,3,GQ675,First time on the water in Esperance ,4/26/2022 7:30:14 AM,Nicole.Hamre_UWA,4/26/2022 7:30:14 AM,Nicole.Hamre_UWA,2/16/2022 3:50:09 AM,Nicole.Hamre_UWA,2/16/2022 3:54:12 AM,Nicole.Hamre_UWA,,
44,2363a48d-fbb0-41da-b541-fa3b7a94f283,62e5375b-d061-479f-b581-3c73fd465483,35,35,None,0,1990,6343,PinkLake,Male,1,0,0,0,5,Du287,,4/26/2022 7:30:14 AM,Nicole.Hamre_UWA,4/26/2022 7:30:14 AM,Nicole.Hamre_UWA,2/16/2022 5:04:15 AM,Nicole.Hamre_UWA,2/16/2022 5:04:15 AM,Nicole.Hamre_UWA,,
45,a6aa682e-7dd8-4238-ae74-4283646e6024,e69fb4ce-15f4-42df-b15f-104d24e102fd,20,55,None,0,1959,6556,DukeOrleans,Male,0,1,0,0,3,EH259,,4/26/2022 7:30:14 AM,Nicole.Hamre_UWA,4/26/2022 7:30:14 AM,Nicole.Hamre_UWA,2/17/2022 3:56:36 AM,Nicole.Hamre_UWA,2/17/2022 3:59:11 AM,Nicole.Hamre_UWA,,
46,3702614f-d270-406c-9f57-f15fa1ad0095,58875847-f392-4ccb-a35c-d050a4772a99,12,2,None,0,1990,3995,DukeOrleans,Male,1,0,1,1,3,GP647,,4/26/2022 7:30:14 AM,Nicole.Hamre_UWA,4/26/2022 7:30:14 AM,Nicole.Hamre_UWA,2/17/2022 4:27:09 AM,Nicole.Hamre_UWA,2/17/2022 4:27:09 AM,Nicole.Hamre_UWA,,
47,b6d838cf-5d56-4996-829b-d1f8fd9c17e8,ef1ba608-26c6-4519-9b90-222d46b3b213,50,15,None,,1987,6450,Esperance,Male,,1,,,3,Island inflatables,,4/26/2022 7:30:14 AM,Nicole.Hamre_UWA,4/26/2022 7:30:14 AM,Nicole.Hamre_UWA,2/18/2022 12:16:01 AM,Nicole.Hamre_UWA,2/18/2022 12:16:01 AM,Nicole.Hamre_UWA,,
48,84477735-f718-4012-88fd-b9dd4b3760ef,f21004a8-9ac1-425c-8308-53ec87c6c32f,25,22,OW,4,1996,6450,Esperance,Male,,,,,3,Ez853,Does a lot of free diving ,4/26/2022 7:30:14 AM,Nicole.Hamre_UWA,4/26/2022 7:30:14 AM,Nicole.Hamre_UWA,2/19/2022 2:27:09 AM,Nicole.Hamre_UWA,2/19/2022 2:27:09 AM,Nicole.Hamre_UWA,,
49,f5f476c6-fdff-4fbd-8df9-7379a3187ff4,5c2e3e5a-7b08-4921-ade2-26f61ccc51fe,6,25,None,,1989,6450,Esperance,Female,,1,,,,,"Kayak, don’t like the slime that’s building up around the boat ramps.",4/26/2022 7:30:14 AM,Nicole.Hamre_UWA,4/26/2022 7:30:14 AM,Nicole.Hamre_UWA,2/19/2022 2:33:55 AM,Nicole.Hamre_UWA,2/19/2022 2:33:55 AM,Nicole.Hamre_UWA,,
50,b4c1a6d4-1fbd-49b6-9e9d-f023a526ac09,f3880ed3-a4ea-4797-ac02-1f119ce18fab,12,15,None,,1982,6430,Esperance,Male,,2,,,5,Dr157,,4/26/2022 7:30:14 AM,Nicole.Hamre_UWA,4/26/2022 7:30:14 AM,Nicole.Hamre_UWA,2/19/2022 3:26:05 AM,Nicole.Hamre_UWA,2/19/2022 3:26:05 AM,Nicole.Hamre_UWA,,
51,bca876d5-f9fc-42d4-b529-a991984cf321,2ed390d3-7607-4408-a22e-6c04c6ddcfa2,52,35,OW,500,1982,6450,Esperance,Male,,,,,,,"Never used to have fish taken, but now it occasionally does ie in the last 5 years. Also more bronzes than there used to be. Also, his uses overlapped between fishing and bruvs ",4/26/2022 7:30:14 AM,Nicole.Hamre_UWA,4/26/2022 7:30:14 AM,Nicole.Hamre_UWA,2/19/2022 3:36:31 AM,Nicole.Hamre_UWA,2/19/2022 4:01:50 AM,Nicole.Hamre_UWA,,
52,13b824e3-ef2b-4b36-beb8-e8fe1aab923f,92645370-848a-4e6d-a542-2393e7ef0a34,14,30,None,,1978,6450,Esperance,Male,1,,,,6,Gi784,,4/26/2022 7:30:14 AM,Nicole.Hamre_UWA,4/26/2022 7:30:14 AM,Nicole.Hamre_UWA,2/19/2022 3:43:04 AM,Nicole.Hamre_UWA,2/19/2022 3:43:04 AM,Nicole.Hamre_UWA,,
53,6a25d0d7-4f21-428f-a55d-358d4259a98f,e2e76373-85b8-48e9-a054-04fa6b457658,45,55,None,,1963,6450,Esperance,Male,,,,,4,Gf954,Never used to see white sharks but in the last 15 yrs has seen them egularly ,4/26/2022 7:30:14 AM,Nicole.Hamre_UWA,4/26/2022 7:30:14 AM,Nicole.Hamre_UWA,2/19/2022 4:00:04 AM,Nicole.Hamre_UWA,2/19/2022 4:00:04 AM,Nicole.Hamre_UWA,,
54,1581ecaf-0565-4f82-a19d-b459aeb0187e,be8a3801-d779-4c30-b1dd-24c6590bab15,12,45,None,,1968,6450,Esperance,Female,1,2,1,2,7,,,4/26/2022 7:30:14 AM,Nicole.Hamre_UWA,4/26/2022 7:30:14 AM,Nicole.Hamre_UWA,2/19/2022 4:13:01 AM,Nicole.Hamre_UWA,2/19/2022 4:13:01 AM,Nicole.Hamre_UWA,,
55,eec8ea59-eebd-4ff0-8fbe-05511715c94b,3783f8f8-18d2-41a6-a1c1-51b39a4320f8,12,12,None,,1976,6450,Esperance,Female,,1,1,1,6,Du613,,4/26/2022 7:30:14 AM,Nicole.Hamre_UWA,4/26/2022 7:30:14 AM,Nicole.Hamre_UWA,2/19/2022 4:19:20 AM,Nicole.Hamre_UWA,2/19/2022 4:19:20 AM,Nicole.Hamre_UWA,,
56,444d04b1-9b26-438e-8b20-8050dbf600ed,97586454-4fd6-452b-a16b-87203e01e829,40,50,None,,1963,6450,Esperance,Male,,,,,7,Go967,,4/26/2022 7:30:14 AM,Nicole.Hamre_UWA,4/26/2022 7:30:14 AM,Nicole.Hamre_UWA,2/19/2022 4:32:53 AM,Nicole.Hamre_UWA,2/19/2022 4:32:53 AM,Nicole.Hamre_UWA,,
57,a9626c63-cea3-4152-badf-a09d799e782e,443c5b72-922d-489e-9b6b-323f1cf6b92d,30,9,None,,2000,6450,Esperance,Male,,1,,,4,Gn359,,4/26/2022 7:30:14 AM,Nicole.Hamre_UWA,4/26/2022 7:30:14 AM,Nicole.Hamre_UWA,2/19/2022 4:45:13 AM,Nicole.Hamre_UWA,2/19/2022 4:45:13 AM,Nicole.Hamre_UWA,,
58,ebaf9f67-86a3-49e8-a161-ff356d18196f,fcedcde4-5035-49e4-abdb-aee8f3cdf541,3,30,None,,1985,6450,Esperance,Male,,1,,,4,83430,,4/26/2022 7:30:14 AM,Nicole.Hamre_UWA,4/26/2022 7:30:14 AM,Nicole.Hamre_UWA,2/19/2022 4:53:30 AM,Nicole.Hamre_UWA,2/19/2022 4:53:30 AM,Nicole.Hamre_UWA,,
59,da99cb41-0fc1-4162-82b9-9c9cf2736c23,da74e667-bb5f-4409-ba2c-9c3f043fa2f8,12,40,None,,1976,6450,Esperance,Male,,,,,5,Cu900,,4/26/2022 7:30:14 AM,Nicole.Hamre_UWA,4/26/2022 7:30:14 AM,Nicole.Hamre_UWA,2/19/2022 5:06:14 AM,Nicole.Hamre_UWA,2/19/2022 5:06:14 AM,Nicole.Hamre_UWA,,
60,a7742dba-6177-4789-b6aa-5cacc5df0d5e,88ae9399-037e-41e0-a7d7-5970e27d8280,20,40,None,,1975,6450,Esperance,Male,,,,1,6,Silver ace ,,4/26/2022 7:30:14 AM,Nicole.Hamre_UWA,4/26/2022 7:30:14 AM,Nicole.Hamre_UWA,2/19/2022 5:11:57 AM,Nicole.Hamre_UWA,2/19/2022 5:11:57 AM,Nicole.Hamre_UWA,,
61,1a4b3495-0450-47c8-ad13-4d44dd60b01b,a1e5b056-77da-48e8-be2c-6f5762c26e08,280,45,None,,1961,6430,Esperance,Male,,1,,,7,Eo195,,4/26/2022 7:30:14 AM,Nicole.Hamre_UWA,4/26/2022 7:30:14 AM,Nicole.Hamre_UWA,2/19/2022 5:15:58 AM,Nicole.Hamre_UWA,2/19/2022 5:15:58 AM,Nicole.Hamre_UWA,,
62,9198c776-e11a-4aeb-a232-3955485f71a9,7ea34af3-4664-4006-967e-cd1bde677861,4,45,None,,1958,6450,Esperance,Male,,1,,,6,90529,,4/26/2022 7:30:14 AM,Nicole.Hamre_UWA,4/26/2022 7:30:14 AM,Nicole.Hamre_UWA,2/19/2022 5:20:30 AM,Nicole.Hamre_UWA,2/19/2022 5:20:30 AM,Nicole.Hamre_UWA,,
63,5f6df482-956f-4704-a31d-6b0266f55408,271b9b6c-327a-4c5c-b585-4f33c4abfa3f,8,50,None,,1951,6450,Esperance,Male,,2,,,6,54607,,4/26/2022 7:30:14 AM,Nicole.Hamre_UWA,4/26/2022 7:30:14 AM,Nicole.Hamre_UWA,2/19/2022 5:27:42 AM,Nicole.Hamre_UWA,2/19/2022 5:27:42 AM,Nicole.Hamre_UWA,,
64,6b117b7b-61f3-409a-abab-71ae14fb1df8,2c63b783-efcb-4aa7-ad8d-f9b5486436f0,15,40,None,,1969,6450,Esperance,Male,,2,,,6,33261,,4/26/2022 7:30:14 AM,Nicole.Hamre_UWA,4/26/2022 7:30:14 AM,Nicole.Hamre_UWA,2/19/2022 5:34:25 AM,Nicole.Hamre_UWA,2/19/2022 5:34:25 AM,Nicole.Hamre_UWA,,
65,31905a5a-4772-49b2-b800-eb4010d76400,7ad0b93e-4ba7-486f-b539-40142d477788,100,35,None,,1971,6450,Esperance,Male,,1,,,6,Gs185,,4/26/2022 7:30:14 AM,Nicole.Hamre_UWA,4/26/2022 7:30:14 AM,Nicole.Hamre_UWA,2/19/2022 5:41:50 AM,Nicole.Hamre_UWA,2/19/2022 5:41:50 AM,Nicole.Hamre_UWA,,
66,be065b9a-44da-4701-b945-e6d5ad026131,c567f82a-55d0-4314-85ee-560d20d3ad5a,8,40,None,,1968,6420,Esperance,Male,,1,,,4,E8416,"No to the marine park, they like fishing. They believe there should be places to wash down your boat. More toilet facilities needed too. Seemed to listen when told that marine parks are not all no fishing zones. ",4/26/2022 7:30:14 AM,Nicole.Hamre_UWA,4/26/2022 7:30:14 AM,Nicole.Hamre_UWA,2/19/2022 6:25:56 AM,Nicole.Hamre_UWA,2/19/2022 6:32:43 AM,Nicole.Hamre_UWA,,
67,4909deb4-db64-41f4-9298-f23a90f9c577,0a5b8863-8140-4542-91eb-ceee62f8b002,35,20,OW,10,1993,4565,Esperance,Male,2,,,,8,Ey801,,4/26/2022 7:30:14 AM,Nicole.Hamre_UWA,4/26/2022 7:30:14 AM,Nicole.Hamre_UWA,2/19/2022 6:32:22 AM,Nicole.Hamre_UWA,2/19/2022 6:32:22 AM,Nicole.Hamre_UWA,,
68,d16a556b-457d-4175-bd33-3eb97d9c7a35,dcf47047-6c74-4e58-9e25-dfbb783e3919,50,20,None,,1998,6450,Esperance,Male,,3,,,8,Eu799,Asked about marine park and were very willing to listen ,4/26/2022 7:30:14 AM,Nicole.Hamre_UWA,4/26/2022 7:30:14 AM,Nicole.Hamre_UWA,2/19/2022 7:08:54 AM,Nicole.Hamre_UWA,2/19/2022 7:08:54 AM,Nicole.Hamre_UWA,,
69,91c07296-ae49-425b-b972-95e7ee181a5d,76ddcb46-0c4e-4441-bd9e-3d890a74d6e6,0,62,None,0,1952,6450,Esperance,Male,0,2,0,0,,90856,,4/26/2022 7:30:14 AM,Nicole.Hamre_UWA,4/26/2022 7:30:14 AM,Nicole.Hamre_UWA,2/22/2022 2:01:03 AM,Nicole.Hamre_UWA,2/22/2022 2:01:03 AM,Nicole.Hamre_UWA,,
70,89dbbb65-6987-431d-a1c0-6b37f0abd55f,15590a95-c762-42b4-8e38-6f479473bd1e,42,40,AOW,500,1963,0,Esperance,Male,1,0,0,0,4,GB557,"Avidity for extractive diving, only fishing he does",4/26/2022 7:30:14 AM,Nicole.Hamre_UWA,4/26/2022 7:30:14 AM,Nicole.Hamre_UWA,2/22/2022 3:49:50 AM,Nicole.Hamre_UWA,2/22/2022 4:24:53 AM,Nicole.Hamre_UWA,,
71,d491dc2f-e40c-482d-9f74-b8016954458b,1ad75c2b-5aaf-47dd-a8cc-2c8069b590d2,100,60,None,0,1951,0,Esperance,Male,0,1,0,0,4,DX350,,4/26/2022 7:30:14 AM,Nicole.Hamre_UWA,4/26/2022 7:30:14 AM,Nicole.Hamre_UWA,2/22/2022 4:21:00 AM,Nicole.Hamre_UWA,2/22/2022 4:21:00 AM,Nicole.Hamre_UWA,,
72,604830bd-d64b-4a6a-9178-411665a534d8,282d3f35-d0cd-4678-9cbf-455d021c089f,7,27,None,,1990,0,Esperance,Male,0,0,0,0,3,Gm620,,4/26/2022 7:30:14 AM,Nicole.Hamre_UWA,4/26/2022 7:30:14 AM,Nicole.Hamre_UWA,2/22/2022 4:50:48 AM,Nicole.Hamre_UWA,2/22/2022 4:50:48 AM,Nicole.Hamre_UWA,,
73,489c55f9-8d7c-4ca0-9e4c-260e9aa5a154,175d1c3c-38b0-4ae7-a973-9af6e2eb2509,6,50,None,0,1959,6071,Esperance,Male,1,1,0,0,5,75708,,4/26/2022 7:30:14 AM,Nicole.Hamre_UWA,4/26/2022 7:30:14 AM,Nicole.Hamre_UWA,2/26/2022 1:57:35 AM,Nicole.Hamre_UWA,2/26/2022 1:57:35 AM,Nicole.Hamre_UWA,,
74,0c4e48ce-2807-4e70-a05a-6473fdb936ea,bba0a9bd-5d4d-4e86-bc35-7ac22f1c0ec8,52,20,OW,400,1989,6450,Esperance,Male,,,,,4,Ey540,,4/26/2022 7:30:14 AM,Nicole.Hamre_UWA,4/26/2022 7:30:14 AM,Nicole.Hamre_UWA,2/17/2022 2:15:35 AM,Nicole.Hamre_UWA,2/17/2022 2:15:35 AM,Nicole.Hamre_UWA,,
75,a2146aff-ec8d-4876-828d-d8940c7239e7,1adcb2a0-ecb1-47df-b8d0-a777e6de2176,10,30,None,,1982,6450,Esperance,Male,,1,,,5,201,,4/26/2022 7:30:14 AM,Nicole.Hamre_UWA,4/26/2022 7:30:14 AM,Nicole.Hamre_UWA,2/17/2022 2:21:50 AM,Nicole.Hamre_UWA,2/17/2022 2:21:50 AM,Nicole.Hamre_UWA,,
76,08bc4738-00c5-42e4-a217-1de5d5c6d35a,04176d5c-585d-4a82-a942-f3c8dddf0890,24,15,None,,1990,6164,Esperance,Male,1,,,,3,Gq675,,4/26/2022 7:30:14 AM,Nicole.Hamre_UWA,4/26/2022 7:30:14 AM,Nicole.Hamre_UWA,2/17/2022 2:32:19 AM,Nicole.Hamre_UWA,2/17/2022 2:32:19 AM,Nicole.Hamre_UWA,,
77,f2ad708e-d69c-4b0c-a242-313ec7c1f768,e5379b65-1d61-4294-985a-65399a766c26,20,8,None,,1964,6450,Esperance,Female,,,,,5,Bu962,,4/26/2022 7:30:14 AM,Nicole.Hamre_UWA,4/26/2022 7:30:14 AM,Nicole.Hamre_UWA,2/17/2022 3:49:45 AM,Nicole.Hamre_UWA,2/17/2022 3:49:45 AM,Nicole.Hamre_UWA,,
78,bf77efe4-38e2-496d-810d-c7c4c4895b16,fa64a3e7-2973-4381-914d-fcdffe228ab8,55,20,None,,1999,6450,Esperance,Female,,1,,,3,Ab405,,4/26/2022 7:30:14 AM,Nicole.Hamre_UWA,4/26/2022 7:30:14 AM,Nicole.Hamre_UWA,2/17/2022 3:55:10 AM,Nicole.Hamre_UWA,2/17/2022 3:55:10 AM,Nicole.Hamre_UWA,,
79,4040d643-9971-4241-a08a-fa9a2dcd0529,a1317a62-1007-43e4-b57b-6f082494e665,20,41,None,,1974,6450,Esperance,Male,2,1,,,6,Gs158,,4/26/2022 7:30:14 AM,Nicole.Hamre_UWA,4/26/2022 7:30:14 AM,Nicole.Hamre_UWA,2/17/2022 4:51:44 AM,Nicole.Hamre_UWA,2/17/2022 4:51:44 AM,Nicole.Hamre_UWA,,
80,3e88233d-50b4-4dc8-ae4e-eab7803c3238,2242e510-eb13-4c0e-9000-9656a79ad96c,30,28,None,,1990,6343,Esperance,Male,1,,,,4,Du287,,4/26/2022 7:30:14 AM,Nicole.Hamre_UWA,4/26/2022 7:30:14 AM,Nicole.Hamre_UWA,2/17/2022 5:16:26 AM,Nicole.Hamre_UWA,2/17/2022 5:22:29 AM,Nicole.Hamre_UWA,,
81,6717f0f3-9ddc-41f0-8df5-49cef3dd2b1a,00ebd7d6-c03f-43aa-ae64-1fe5ab20fcff,12,6,OW,20,2001,6450,Esperance,Male,,1,,,4,Catcher (small writing),,4/26/2022 7:30:14 AM,Nicole.Hamre_UWA,4/26/2022 7:30:14 AM,Nicole.Hamre_UWA,2/18/2022 1:42:49 AM,Nicole.Hamre_UWA,2/18/2022 1:47:21 AM,Nicole.Hamre_UWA,,
82,003154a9-8534-42f1-bb48-aee7bcddfd1a,a275649f-2910-4fa3-abd1-778727ac2efc,100,35,None,,1971,6450,Esperance,Male,,1,,,6,Gs185,,4/26/2022 7:30:14 AM,Nicole.Hamre_UWA,4/26/2022 7:30:14 AM,Nicole.Hamre_UWA,2/18/2022 3:16:16 AM,Nicole.Hamre_UWA,2/18/2022 3:16:16 AM,Nicole.Hamre_UWA,,
83,acae6c54-bb90-4102-ac61-778f5c69718f,cafab483-d30b-4a36-8873-84384ed691c1,24,15,None,,1975,6450,Esperance,Female,1,1,,,9,Gn707,,4/26/2022 7:30:14 AM,Nicole.Hamre_UWA,4/26/2022 7:30:14 AM,Nicole.Hamre_UWA,2/18/2022 4:51:37 AM,Nicole.Hamre_UWA,2/18/2022 4:51:37 AM,Nicole.Hamre_UWA,,
84,2e85cd20-98d6-4547-845c-8520cc43d629,0c7d9c06-fce7-4549-bb10-b5c7d625891b,6,30,OW,39,1978,0,Esperance,Female,0,2,0,2,2,EP001,,4/26/2022 7:30:14 AM,Nicole.Hamre_UWA,4/26/2022 7:30:14 AM,Nicole.Hamre_UWA,2/19/2022 1:40:26 AM,Nicole.Hamre_UWA,2/19/2022 1:40:26 AM,Nicole.Hamre_UWA,,
85,3965b0fa-83b0-4c94-8afa-dac1d43084a8,51dfa3f7-82df-41cf-a0f8-1aa93ffd6a6c,0,0,None,,1981,6430,Esperance,Female,1,1,1,0,2,,JetSki training,4/26/2022 7:30:14 AM,Nicole.Hamre_UWA,4/26/2022 7:30:14 AM,Nicole.Hamre_UWA,2/19/2022 1:57:24 AM,Nicole.Hamre_UWA,2/19/2022 1:57:24 AM,Nicole.Hamre_UWA,,
86,53e43436-5c0d-42ea-92ee-c09e005c4a44,e8769595-a7cf-4616-b37c-fceb5542f34a,5,40,None,0,1956,0,Esperance,Female,0,1,1,0,4,DM815,,4/26/2022 7:30:14 AM,Nicole.Hamre_UWA,4/26/2022 7:30:14 AM,Nicole.Hamre_UWA,2/19/2022 2:35:26 AM,Nicole.Hamre_UWA,2/19/2022 2:35:26 AM,Nicole.Hamre_UWA,,
87,d650849d-8e79-4814-bc17-0e4d2c753dd6,4da40b00-6cd5-4896-aea9-ae5dd656ecdc,20,20,None,0,1988,0,Esperance,Male,0,0,0,1,3,69823,,4/26/2022 7:30:14 AM,Nicole.Hamre_UWA,4/26/2022 7:30:14 AM,Nicole.Hamre_UWA,2/19/2022 2:46:31 AM,Nicole.Hamre_UWA,2/19/2022 2:46:31 AM,Nicole.Hamre_UWA,,
88,49722c61-d548-4baa-b475-e64384dad974,4c37abe2-3fbd-4ed5-bba2-f35cff58bb67,10,4,None,0,2000,0,Esperance,Male,1,1,0,0,2,Gj673,Jet ski,4/26/2022 7:30:14 AM,Nicole.Hamre_UWA,4/26/2022 7:30:14 AM,Nicole.Hamre_UWA,2/19/2022 2:57:43 AM,Nicole.Hamre_UWA,2/19/2022 2:57:43 AM,Nicole.Hamre_UWA,,
89,369a4990-da38-4ff5-9f12-6fe5d1597b72,82356359-03c8-4040-9730-e90cdfb90f38,24,3,None,0,1987,0,Esperance,Female,0,1,0,1,2,EX236,,4/26/2022 7:30:14 AM,Nicole.Hamre_UWA,4/26/2022 7:30:14 AM,Nicole.Hamre_UWA,2/19/2022 3:25:11 AM,Nicole.Hamre_UWA,2/19/2022 3:25:11 AM,Nicole.Hamre_UWA,,
90,bcb85742-e962-4c1f-b339-e084e82afce2,05a82126-6c04-46d6-8c92-aebbb78f2a8b,20,15,OW,12,1969,6230,Esperance,Male,0,1,0,,3,A3O10,,4/26/2022 7:30:14 AM,Nicole.Hamre_UWA,4/26/2022 7:30:14 AM,Nicole.Hamre_UWA,2/19/2022 3:31:56 AM,Nicole.Hamre_UWA,2/19/2022 3:39:39 AM,Nicole.Hamre_UWA,,
91,11270a50-cf5b-40a0-bafc-4c20083d1ebe,e2c71f7c-ed3b-4b6c-a4dd-23495340d369,1,11,None,0,2002,0,Esperance,Male,0,2,0,0,4,EB752,,4/26/2022 7:30:14 AM,Nicole.Hamre_UWA,4/26/2022 7:30:14 AM,Nicole.Hamre_UWA,2/19/2022 4:13:03 AM,Nicole.Hamre_UWA,2/19/2022 4:13:03 AM,Nicole.Hamre_UWA,,
92,0c851931-620c-4ee2-a40a-04b99dc366ee,03725eb2-3931-4f63-aa4f-7b85b962b03e,20,35,None,0,1974,0,Esperance,Male,0,1,0,1,4,BS603,Wearing EDSAC top,4/26/2022 7:30:14 AM,Nicole.Hamre_UWA,4/26/2022 7:30:14 AM,Nicole.Hamre_UWA,2/19/2022 4:40:33 AM,Nicole.Hamre_UWA,2/19/2022 4:40:33 AM,Nicole.Hamre_UWA,,
93,8e53fcdd-bd59-4df3-806f-90ec5af98b76,8e74fb7b-1697-45ff-99e2-a74617ea22ce,20,60,None,0,1947,0,Esperance,Male,0,3,0,0,8,DV847,,4/26/2022 7:30:14 AM,Nicole.Hamre_UWA,4/26/2022 7:30:14 AM,Nicole.Hamre_UWA,2/19/2022 5:31:51 AM,Nicole.Hamre_UWA,2/19/2022 5:31:51 AM,Nicole.Hamre_UWA,,
94,872a2f0d-a7bf-497b-abde-ba7cdb406559,08f70467-6c0b-4af2-bc5e-a892ab8a700d,18,30,None,0,1957,0,Esperance,Male,0,0,0,0,3,BA799,,4/26/2022 7:30:14 AM,Nicole.Hamre_UWA,4/26/2022 7:30:14 AM,Nicole.Hamre_UWA,2/19/2022 5:43:41 AM,Nicole.Hamre_UWA,2/19/2022 5:43:41 AM,Nicole.Hamre_UWA,,
95,862abbcb-c981-46cf-9352-0608c7e39cc0,cc6c0986-c741-4f81-8a96-1b78bf3d6e51,4,60,None,0,1955,0,Esperance,Male,0,1,0,0,5,35452,,4/26/2022 7:30:14 AM,Nicole.Hamre_UWA,4/26/2022 7:30:14 AM,Nicole.Hamre_UWA,2/19/2022 5:58:16 AM,Nicole.Hamre_UWA,2/19/2022 5:58:16 AM,Nicole.Hamre_UWA,,
96,28b27fa8-46b6-4bcd-9391-5a12570f72c4,3c09cff3-29fc-4311-99d5-7185c3a16a96,6,36,None,0,1972,0,Esperance,Male,0,1,0,0,5,GP863,,4/26/2022 7:30:14 AM,Nicole.Hamre_UWA,4/26/2022 7:30:14 AM,Nicole.Hamre_UWA,2/19/2022 6:18:00 AM,Nicole.Hamre_UWA,2/19/2022 6:18:00 AM,Nicole.Hamre_UWA,,
97,1ead259a-1634-4b91-addf-654050bbeb99,db10fec0-c528-4a62-b252-d28b6c06e265,15,15,None,0,1972,0,Esperance,Female,1,1,0,0,5,52926,,4/26/2022 7:30:14 AM,Nicole.Hamre_UWA,4/26/2022 7:30:14 AM,Nicole.Hamre_UWA,2/19/2022 6:29:22 AM,Nicole.Hamre_UWA,2/19/2022 6:29:22 AM,Nicole.Hamre_UWA,,
98,b6ad08db-3cd2-4da1-bf56-dda5a983fe5d,d2d03996-faca-47e5-a2ee-0dfa613c95ef,3,23,None,0,1991,0,Esperance,Male,0,2,0,0,7,BI410,,4/26/2022 7:30:14 AM,Nicole.Hamre_UWA,4/26/2022 7:30:14 AM,Nicole.Hamre_UWA,2/19/2022 6:33:47 AM,Nicole.Hamre_UWA,2/19/2022 6:33:47 AM,Nicole.Hamre_UWA,,
99,db24db65-c83f-4924-afa7-dc400c445949,3a5f1a2b-9ccd-4c77-b7b5-2ffb891a1601,24,35,None,0,1974,0,Esperance,Male,1,2,0,0,10,GN707,,4/26/2022 7:30:14 AM,Nicole.Hamre_UWA,4/26/2022 7:30:14 AM,Nicole.Hamre_UWA,2/19/2022 6:53:29 AM,Nicole.Hamre_UWA,2/19/2022 6:53:29 AM,Nicole.Hamre_UWA,,
100,937aac6a-4fec-43ce-b477-20ca77f156ce,49e1e9cb-9b9b-47c2-ba99-33679c1094ee,10,25,None,,1985,6450,Esperance,Male,,,,,3,E345,,4/26/2022 7:30:14 AM,Nicole.Hamre_UWA,4/26/2022 7:30:14 AM,Nicole.Hamre_UWA,2/22/2022 4:07:22 AM,Nicole.Hamre_UWA,2/22/2022 4:07:22 AM,Nicole.Hamre_UWA,,
101,b3f548f0-b560-4543-bf98-23320c633e9e,8111a384-2bf9-4c4a-9b1e-abab8c98f4d7,38,63,I,500,1958,6450,Esperance,Male,,,,,3,Ed284,,4/26/2022 7:30:14 AM,Nicole.Hamre_UWA,4/26/2022 7:30:14 AM,Nicole.Hamre_UWA,2/22/2022 4:11:08 AM,Nicole.Hamre_UWA,2/22/2022 4:11:08 AM,Nicole.Hamre_UWA,,
102,f280b9fa-3ac6-4763-9a5d-d66799ceb9c9,c9d6c970-69c5-4d98-b565-d07085adcfbd,12,14,None,,1989,6450,Esperance,Male,,2,,,6,Dj707,,4/26/2022 7:30:14 AM,Nicole.Hamre_UWA,4/26/2022 7:30:14 AM,Nicole.Hamre_UWA,2/22/2022 4:17:13 AM,Nicole.Hamre_UWA,2/22/2022 4:17:13 AM,Nicole.Hamre_UWA,,
103,fe505380-972c-4600-a9d3-389343c1991c,1329c3a8-8bc5-4ae3-a9b5-deb11cb5d8b4,40,40,None,,1971,6450,Esperance,Male,,3,,,7,Gs134,"Used to scuba, didn’t voice any reason he stopped",4/26/2022 7:30:14 AM,Nicole.Hamre_UWA,4/26/2022 7:30:14 AM,Nicole.Hamre_UWA,2/22/2022 5:32:24 AM,Nicole.Hamre_UWA,2/22/2022 5:32:24 AM,Nicole.Hamre_UWA,,
104,af76730b-8b00-4d12-b7be-d99be5b73478,587038c5-3b90-4e50-a999-a0fc76affc7a,12,20,None,,1961,6450,Esperance,Male,,1,,,4,Wet day,,4/26/2022 7:30:14 AM,Nicole.Hamre_UWA,4/26/2022 7:30:14 AM,Nicole.Hamre_UWA,2/22/2022 5:53:53 AM,Nicole.Hamre_UWA,2/22/2022 5:53:53 AM,Nicole.Hamre_UWA,,
105,2704c1a0-90aa-49be-a6e5-e42570b2bf1e,ca992115-75a7-4a71-9f7d-0fe33b578681,5,10,None,,1993,6450,Esperance,Male,,2,,,5,44823,"Free dive, occasionally ",4/26/2022 7:30:14 AM,Nicole.Hamre_UWA,4/26/2022 7:30:14 AM,Nicole.Hamre_UWA,2/22/2022 6:11:07 AM,Nicole.Hamre_UWA,2/22/2022 6:11:07 AM,Nicole.Hamre_UWA,,
106,2d246355-d5a1-461f-9e3b-fd4d5480ecd4,4ebfe7ef-b690-4de7-9e0c-c2bbb1ba1825,10,50,None,,1963,6,Esperance,Male,1,2,,,6,Dm476,,4/26/2022 7:30:14 AM,Nicole.Hamre_UWA,4/26/2022 7:30:14 AM,Nicole.Hamre_UWA,2/22/2022 6:26:17 AM,Nicole.Hamre_UWA,2/22/2022 6:26:17 AM,Nicole.Hamre_UWA,,
107,4546400d-40bd-4797-9bc1-a5390491b323,3c86553b-97c3-4872-9981-c3dd447aa113,3,1,None,,1967,6317,Esperance,Female,1,1,,,5,BU868,Were considering fishing but decided to just chill out ,4/26/2022 7:30:14 AM,Nicole.Hamre_UWA,4/26/2022 7:30:14 AM,Nicole.Hamre_UWA,2/26/2022 1:12:20 AM,Nicole.Hamre_UWA,2/26/2022 1:12:20 AM,Nicole.Hamre_UWA,,
108,358e0bb6-1339-4cc3-9d1f-72d611cab676,ee39040d-535f-4f9c-98cf-f6e3dfb4da8c,8,20,None,,1977,6450,Esperance,Female,,1,,,6,Gj407,Went out for a cruise,4/26/2022 7:30:14 AM,Nicole.Hamre_UWA,4/26/2022 7:30:14 AM,Nicole.Hamre_UWA,2/26/2022 3:42:18 AM,Nicole.Hamre_UWA,2/26/2022 3:42:18 AM,Nicole.Hamre_UWA,,
109,a30e3b06-5b21-4ae9-98fe-dc9f2101972a,500d4e4a-ff0b-409f-8611-45cd731b7efe,36,40,OW,50,1971,6450,Esperance,Male,1,,,,6,GS134,"Believes increase size, decrease bag limit on south coast is necessary- also that you need to travel out further to get the same quality of fish as they used to.",4/26/2022 7:30:14 AM,Nicole.Hamre_UWA,4/26/2022 7:30:14 AM,Nicole.Hamre_UWA,2/16/2022 2:50:20 AM,Nicole.Hamre_UWA,2/16/2022 2:50:20 AM,Nicole.Hamre_UWA,,
110,77c14e4f-1556-4e2c-800d-fc9920649136,bba4a32c-e66a-4526-aac6-308d754f0fe0,12,40,None,,1944,6056,Esperance,Male,1,1,,,3,63031,,4/26/2022 7:30:14 AM,Nicole.Hamre_UWA,4/26/2022 7:30:14 AM,Nicole.Hamre_UWA,2/16/2022 3:22:03 AM,Nicole.Hamre_UWA,2/16/2022 3:22:03 AM,Nicole.Hamre_UWA,,
111,f8e4ae6f-7c19-4683-a6ee-15a441e7870c,d560306f-cdd5-4496-b846-ca6c9efd9fad,52,47,None,,1970,6714,Esperance,Male,,,,,3,,"Ginger Scottish guy, black boat Yamaha motor. ",4/26/2022 7:30:14 AM,Nicole.Hamre_UWA,4/26/2022 7:30:14 AM,Nicole.Hamre_UWA,2/16/2022 3:40:42 AM,Nicole.Hamre_UWA,2/16/2022 4:35:36 AM,Nicole.Hamre_UWA,,
112,7f9f08c2-5c7a-49f5-b15a-c2827aea8c3d,f5deb850-9c45-49ed-ba4f-68861d2d8004,20,30,None,,1987,6450,Esperance,Male,,1,,,3,54516,,4/26/2022 7:30:14 AM,Nicole.Hamre_UWA,4/26/2022 7:30:14 AM,Nicole.Hamre_UWA,2/16/2022 3:54:38 AM,Nicole.Hamre_UWA,2/16/2022 3:54:38 AM,Nicole.Hamre_UWA,,
113,201f7080-9a98-4f46-bbd0-68f3a12c51bb,a53d7962-02a9-4e66-b64a-d9ec17107611,120,45,None,,1971,6450,Esperance,Male,,,,,1,Gn895,Jet ski,4/26/2022 7:30:14 AM,Nicole.Hamre_UWA,4/26/2022 7:30:14 AM,Nicole.Hamre_UWA,2/16/2022 4:01:45 AM,Nicole.Hamre_UWA,2/16/2022 4:01:45 AM,Nicole.Hamre_UWA,,
114,9b3de462-8b3d-47d7-86b4-bb7eaa64d3fa,e9b77b44-583b-48dc-bdee-85a9594bac79,24,25,DM,400,1974,6450,Esperance,Male,1,,,,5,459259,,4/26/2022 7:30:14 AM,Nicole.Hamre_UWA,4/26/2022 7:30:14 AM,Nicole.Hamre_UWA,2/16/2022 4:11:32 AM,Nicole.Hamre_UWA,2/16/2022 4:11:32 AM,Nicole.Hamre_UWA,,
115,967b1698-ecf1-44b8-868a-40f55ba66fc9,777906ad-730b-4b2a-a042-20158febdb2a,20,55,None,,1957,6450,Esperance,Male,,1,,,6,A311,"Quotas are too confusing and vary between species. Eg whiting quotas affect herring allowances. Also thinks there are too many whites, lost a friend to white pointer. ",4/26/2022 7:30:14 AM,Nicole.Hamre_UWA,4/26/2022 7:30:14 AM,Nicole.Hamre_UWA,2/16/2022 4:29:59 AM,Nicole.Hamre_UWA,2/16/2022 4:29:59 AM,Nicole.Hamre_UWA,,
116,4e7ef7c1-239c-4cc9-af71-93ad7836a324,e2100749-6809-4183-8d75-b1eb2623cdc4,50,3,None,,1964,6450,Esperance,Female,,1,,,6,Dc609,,4/26/2022 7:30:14 AM,Nicole.Hamre_UWA,4/26/2022 7:30:14 AM,Nicole.Hamre_UWA,2/16/2022 4:59:56 AM,Nicole.Hamre_UWA,2/16/2022 4:59:56 AM,Nicole.Hamre_UWA,,
117,4cff3466-38c2-43b9-96e4-4eff7f469350,e4074320-0ff9-4182-9b05-235d79945572,0,0,DM,500,1950,6208,Esperance,Male,1,0,0,0,,,,4/26/2022 7:30:14 AM,Nicole.Hamre_UWA,4/26/2022 7:30:14 AM,Nicole.Hamre_UWA,2/16/2022 6:08:35 AM,Nicole.Hamre_UWA,2/16/2022 6:08:35 AM,Nicole.Hamre_UWA,,
118,e645c6bb-e907-4cc1-85a1-f54f05c45627,0e3ee5cb-185b-4972-a837-d1ca84e6cc12,5,45,None,0,1970,0,Esperance,Male,0,1,0,0,6,DZ989,,4/26/2022 7:30:14 AM,Nicole.Hamre_UWA,4/26/2022 7:30:14 AM,Nicole.Hamre_UWA,3/9/2022 1:56:26 AM,Nicole.Hamre_UWA,3/9/2022 1:56:26 AM,Nicole.Hamre_UWA,,
119,9ff29226-411a-47d1-a38e-bc7564cab687,c2ca509e-eb8a-4aa6-aae2-2b36289cc47a,15,40,None,0,1969,0,Esperance,Male,0,1,0,0,5,33261,Bait for fishing competition,4/26/2022 7:30:14 AM,Nicole.Hamre_UWA,4/26/2022 7:30:14 AM,Nicole.Hamre_UWA,3/9/2022 4:00:25 AM,Nicole.Hamre_UWA,3/9/2022 4:00:43 AM,Nicole.Hamre_UWA,,
120,80e9dcc2-65a8-4ac2-b973-5a1965af71a1,56457d9b-2660-40e3-bd9a-272827d09af5,30,50,None,,1962,6725,Esperance,Male,,1,,,5,Ey540,,4/26/2022 7:30:14 AM,Nicole.Hamre_UWA,4/26/2022 7:30:14 AM,Nicole.Hamre_UWA,3/10/2022 2:36:10 AM,Nicole.Hamre_UWA,3/10/2022 2:36:10 AM,Nicole.Hamre_UWA,,
121,601c4197-ce3d-4611-bf3a-abfd31d068f7,efddb797-1c2e-4cb3-af04-3bc6a29c4c20,2,40,None,,1952,6239,Esperance,Male,,1,,,5,Gs185,,4/26/2022 7:30:14 AM,Nicole.Hamre_UWA,4/26/2022 7:30:14 AM,Nicole.Hamre_UWA,3/10/2022 2:49:21 AM,Nicole.Hamre_UWA,3/10/2022 2:49:21 AM,Nicole.Hamre_UWA,,
122,74a94d72-d83b-46e2-951c-b021cd4096b6,2e7257f7-9ed2-4623-a625-1fc038e4c219,50,50,None,,1963,6450,Esperance,Male,,,,,3,Gf594,,4/26/2022 7:30:14 AM,Nicole.Hamre_UWA,4/26/2022 7:30:14 AM,Nicole.Hamre_UWA,3/10/2022 4:17:15 AM,Nicole.Hamre_UWA,3/10/2022 4:17:15 AM,Nicole.Hamre_UWA,,
123,6f1f9432-1c17-4588-8e78-11056060bf94,f71c1a9e-093f-4e6c-9963-4b5e1c8b932d,60,35,None,,1980,6450,Esperance,Male,,1,,,4,Ea043,,4/26/2022 7:30:14 AM,Nicole.Hamre_UWA,4/26/2022 7:30:14 AM,Nicole.Hamre_UWA,3/10/2022 4:39:55 AM,Nicole.Hamre_UWA,3/10/2022 4:39:55 AM,Nicole.Hamre_UWA,,
124,daf9be73-2fba-454d-aea1-d1199c9260c0,67a38e21-eaa7-49a9-84c7-a6d146f08412,12,30,None,,1969,6450,Esperance,Male,1,1,,,5,Chloe sue,,4/26/2022 7:30:14 AM,Nicole.Hamre_UWA,4/26/2022 7:30:14 AM,Nicole.Hamre_UWA,3/10/2022 4:44:48 AM,Nicole.Hamre_UWA,3/10/2022 4:44:48 AM,Nicole.Hamre_UWA,,
125,489e9a34-6f9d-4de9-811b-655c37f299a8,5248bf72-4f16-4e85-8971-bf3d1b1df700,50,20,OW,500,1993,6450,Esperance,Male,,,,,7,Ey824,,4/26/2022 7:30:14 AM,Nicole.Hamre_UWA,4/26/2022 7:30:14 AM,Nicole.Hamre_UWA,3/10/2022 5:31:38 AM,Nicole.Hamre_UWA,3/10/2022 5:31:38 AM,Nicole.Hamre_UWA,,
126,07bddd4c-ecb7-4f64-bd0d-ef219363f423,f25e0634-5d70-419e-a875-9c0ad821d158,12,30,None,,1984,6121,Esperance,Male,,2,,,5,Aj28,,4/26/2022 7:30:14 AM,Nicole.Hamre_UWA,4/26/2022 7:30:14 AM,Nicole.Hamre_UWA,3/10/2022 6:16:01 AM,Nicole.Hamre_UWA,3/10/2022 6:16:01 AM,Nicole.Hamre_UWA,,
127,81aec4e5-8b9f-4560-8c67-9df10c3cdc84,26ad0a3e-a8b0-453d-9172-3f1ec0412814,20,40,None,0,1963,6430,Esperance,Male,0,1,0,0,4,AT000,Was with local,4/26/2022 7:30:14 AM,Nicole.Hamre_UWA,4/26/2022 7:30:14 AM,Nicole.Hamre_UWA,3/11/2022 2:06:08 AM,Nicole.Hamre_UWA,3/11/2022 2:06:08 AM,Nicole.Hamre_UWA,,
128,d0e02fe0-cd79-4d11-a479-277c12bf103a,7a85d6a7-763b-452c-bc9b-431fa6dcd28d,20,50,None,0,1980,6432,Esperance,Male,0,0,0,0,3,,,4/26/2022 7:30:14 AM,Nicole.Hamre_UWA,4/26/2022 7:30:14 AM,Nicole.Hamre_UWA,3/11/2022 2:28:34 AM,Nicole.Hamre_UWA,3/11/2022 2:28:34 AM,Nicole.Hamre_UWA,,
129,3340ad19-9a6b-457a-8e0a-d6d48176a77f,269cf01c-6ccb-48e9-b705-21e13819b151,6,45,None,0,1969,0,Esperance,Male,0,2,0,0,6,A383,,4/26/2022 7:30:14 AM,Nicole.Hamre_UWA,4/26/2022 7:30:14 AM,Nicole.Hamre_UWA,3/11/2022 4:34:12 AM,Nicole.Hamre_UWA,3/11/2022 4:34:12 AM,Nicole.Hamre_UWA,,
130,fcd01afd-d675-4a83-a584-849dd119a85c,c01501e7-f69b-43dc-b803-fb5662b835d4,15,17,None,0,1983,6430,Esperance,Male,0,4,0,0,5,,,4/26/2022 7:30:14 AM,Nicole.Hamre_UWA,4/26/2022 7:30:14 AM,Nicole.Hamre_UWA,3/11/2022 4:44:34 AM,Nicole.Hamre_UWA,3/11/2022 4:44:34 AM,Nicole.Hamre_UWA,,
131,4f302ace-667d-486f-9bad-de932bbe9d2a,968aa520-fe38-41c7-ab66-ea28c1afb40b,100,36,None,0,1980,6233,Esperance,Male,0,1,0,0,4,DS104,,4/26/2022 7:30:14 AM,Nicole.Hamre_UWA,4/26/2022 7:30:14 AM,Nicole.Hamre_UWA,3/11/2022 5:11:22 AM,Nicole.Hamre_UWA,3/11/2022 5:11:22 AM,Nicole.Hamre_UWA,,
132,1ba4ae25-2a29-409e-88e3-d7f8ea3dca1c,fd6d4685-2c6e-4c91-81d8-eeb784e45e49,8,30,OW,3,1973,0,Esperance,Male,0,0,0,1,3,EA530,,4/26/2022 7:30:14 AM,Nicole.Hamre_UWA,4/26/2022 7:30:14 AM,Nicole.Hamre_UWA,3/12/2022 3:04:37 AM,Nicole.Hamre_UWA,3/12/2022 3:04:37 AM,Nicole.Hamre_UWA,,
133,99e45a28-6bb0-41d0-af2c-be960ece2d17,64d588d0-a5fe-4ca2-a913-6d7347287dbb,15,8,OW,150,1973,0,Esperance,Male,0,1,0,0,5,58565,,4/26/2022 7:30:14 AM,Nicole.Hamre_UWA,4/26/2022 7:30:14 AM,Nicole.Hamre_UWA,3/12/2022 3:23:12 AM,Nicole.Hamre_UWA,3/12/2022 3:23:12 AM,Nicole.Hamre_UWA,,
134,6454c322-5adb-45fd-9242-96b106e2660a,8d7de1f4-dd3a-44e4-9829-416427ac0bb7,0,30,None,0,1981,6430,Esperance,Male,0,1,0,0,4,Bb822,,4/26/2022 7:30:14 AM,Nicole.Hamre_UWA,4/26/2022 7:30:14 AM,Nicole.Hamre_UWA,3/12/2022 3:58:49 AM,Nicole.Hamre_UWA,3/12/2022 3:58:49 AM,Nicole.Hamre_UWA,,
135,b9206d2c-a639-46f3-89d9-ce55554a5207,da74b573-68da-4ea1-88e4-4bdd2169a8c8,20,40,None,0,1974,0,Esperance,Male,1,0,0,0,4,BJ460,,4/26/2022 7:30:14 AM,Nicole.Hamre_UWA,4/26/2022 7:30:14 AM,Nicole.Hamre_UWA,3/12/2022 4:08:51 AM,Nicole.Hamre_UWA,3/12/2022 4:17:40 AM,Nicole.Hamre_UWA,,
136,ba39f3fa-d7ef-401e-aa1c-a3ec8eb82a28,0de21cfa-1216-4ec0-bbff-693203c681da,6,30,OW,50,1980,0,Esperance,Male,0,3,0,0,4,72041,,4/26/2022 7:30:14 AM,Nicole.Hamre_UWA,4/26/2022 7:30:14 AM,Nicole.Hamre_UWA,3/12/2022 5:18:01 AM,Nicole.Hamre_UWA,3/12/2022 5:18:01 AM,Nicole.Hamre_UWA,,
137,70eb461f-05b4-45f7-9669-c4e98cbac304,a767fc2f-346f-479e-8d09-0359c55e118e,12,4,None,0,1994,6171,Esperance,Male,0,2,0,0,4,680,No letters in licence,4/26/2022 7:30:14 AM,Nicole.Hamre_UWA,4/26/2022 7:30:14 AM,Nicole.Hamre_UWA,3/12/2022 5:25:27 AM,Nicole.Hamre_UWA,3/12/2022 5:29:55 AM,Nicole.Hamre_UWA,,
138,f13a9ef0-2585-460c-8c94-305590df3e6e,8aa45386-165e-476c-ae9a-7a2a90af877e,20,55,None,0,1961,6213,Esperance,Male,0,1,0,0,3,ER559,,4/26/2022 7:30:14 AM,Nicole.Hamre_UWA,4/26/2022 7:30:14 AM,Nicole.Hamre_UWA,3/12/2022 6:35:01 AM,Nicole.Hamre_UWA,3/12/2022 6:35:01 AM,Nicole.Hamre_UWA,,
139,71ceddad-cadc-4a09-b608-5be5a8814259,f04b5f9d-9758-4179-8283-4246c8eb6b78,6,50,None,0,1966,0,Esperance,Male,1,0,0,1,3,EM274,,4/26/2022 7:30:14 AM,Nicole.Hamre_UWA,4/26/2022 7:30:14 AM,Nicole.Hamre_UWA,3/12/2022 6:51:10 AM,Nicole.Hamre_UWA,3/12/2022 6:52:06 AM,Nicole.Hamre_UWA,,
140,302f2062-b503-45f2-8d4d-0924917f07f1,dfa61e9c-2bd8-4587-bc9d-847d157d8525,6,40,None,0,1971,0,Esperance,Male,0,1,0,0,5,BO145,,4/26/2022 7:30:14 AM,Nicole.Hamre_UWA,4/26/2022 7:30:14 AM,Nicole.Hamre_UWA,3/12/2022 7:17:23 AM,Nicole.Hamre_UWA,3/12/2022 7:17:23 AM,Nicole.Hamre_UWA,,
141,30f2ab4e-b018-4e70-b6ac-729ed13fede3,ebf4f30f-2174-4c7f-bc4c-3b0499b51276,20,50,None,0,1945,0,Esperance,Male,1,0,0,0,3,90527,,4/26/2022 7:30:14 AM,Nicole.Hamre_UWA,4/26/2022 7:30:14 AM,Nicole.Hamre_UWA,3/12/2022 7:30:46 AM,Nicole.Hamre_UWA,3/12/2022 7:30:46 AM,Nicole.Hamre_UWA,,
142,4aec2c2b-3fa3-4bb4-916c-35b2a8974fcf,dcdd2cfe-f78b-4990-8efd-b935553933b4,2,0,None,0,1998,3115,Esperance,Male,1,0,0,0,5,WF869,,4/26/2022 7:30:14 AM,Nicole.Hamre_UWA,4/26/2022 7:30:14 AM,Nicole.Hamre_UWA,3/12/2022 7:38:00 AM,Nicole.Hamre_UWA,3/12/2022 7:38:00 AM,Nicole.Hamre_UWA,,
143,749dca3c-286b-4f84-8b0f-4d7901eb3aef,98b8b5ca-52a6-4d73-b426-89826e18128d,20,10,None,0,1987,0,Esperance,Male,0,1,0,0,4,GA814,,4/26/2022 7:30:14 AM,Nicole.Hamre_UWA,4/26/2022 7:30:14 AM,Nicole.Hamre_UWA,3/10/2022 5:09:12 AM,Nicole.Hamre_UWA,3/10/2022 5:09:12 AM,Nicole.Hamre_UWA,,
144,5430bf62-8898-4ca3-82cc-09516859ec2c,2bac57ed-edf9-4393-9f8d-c27e2b733d11,30,50,None,,1963,6430,Esperance,Male,,2,,,,Gr692,,4/26/2022 7:30:14 AM,Nicole.Hamre_UWA,4/26/2022 7:30:14 AM,Nicole.Hamre_UWA,3/12/2022 5:34:03 AM,Nicole.Hamre_UWA,3/12/2022 5:34:03 AM,Nicole.Hamre_UWA,,
145,4ad4e67e-1893-4f35-8b72-0f6cb6a50bc0,6c243cb5-b6ce-4b8c-9f9f-c3f40742a68e,15,70,None,,1950,6330,Esperance,Male,,3,,,7,Do921,,4/26/2022 7:30:14 AM,Nicole.Hamre_UWA,4/26/2022 7:30:14 AM,Nicole.Hamre_UWA,3/12/2022 6:26:38 AM,Nicole.Hamre_UWA,3/12/2022 6:26:38 AM,Nicole.Hamre_UWA,,
146,58833dfb-b04c-4c68-b84f-6c98fc9f4033,6989c75c-5493-4583-bad9-39d2a8f79b96,5,2,None,,1994,6430,Esperance,Male,,1,,,6,19173,,4/26/2022 7:30:14 AM,Nicole.Hamre_UWA,4/26/2022 7:30:14 AM,Nicole.Hamre_UWA,3/12/2022 5:38:47 AM,Nicole.Hamre_UWA,3/12/2022 5:41:11 AM,Nicole.Hamre_UWA,,
147,8af7eadf-ebd2-4dec-a80a-e0ea0a739173,da6e33c6-2b31-48c2-b7da-fe74a0b5e435,5,30,AOW,500,1971,6150,Esperance,Female,1,1,1,,6,Cg391,Not 100% sure that is the right boat number,4/26/2022 7:30:14 AM,Nicole.Hamre_UWA,4/26/2022 7:30:14 AM,Nicole.Hamre_UWA,3/12/2022 3:08:58 AM,Nicole.Hamre_UWA,3/12/2022 3:08:58 AM,Nicole.Hamre_UWA,,
148,93eecab5-6be2-44bb-959f-d3d789a8fcb8,e0910706-d726-4010-bbfd-bdd7928cac6e,4,40,None,,1969,6432,Esperance,Male,,3,,,5,EA676,,4/26/2022 7:30:14 AM,Nicole.Hamre_UWA,4/26/2022 7:30:14 AM,Nicole.Hamre_UWA,3/11/2022 4:37:05 AM,Nicole.Hamre_UWA,3/11/2022 4:37:05 AM,Nicole.Hamre_UWA,,
149,dbf6a7b5-9a96-4d93-a12a-ad21b5d80a49,ad756891-36d6-442d-b159-d2e510301221,20,50,None,0,1945,0,Esperance,Male,1,0,0,0,3,,Couldn’t read boat number,4/26/2022 7:30:14 AM,Nicole.Hamre_UWA,4/26/2022 7:30:14 AM,Nicole.Hamre_UWA,3/10/2022 5:16:57 AM,Nicole.Hamre_UWA,3/10/2022 5:33:25 AM,Nicole.Hamre_UWA,,
150,05152691-745c-4211-a462-72b4f31a53ae,a340d541-752e-4d35-a556-3f344b640220,13,16,None,,1991,6330,Esperance,Male,,3,,,6,Bo588,,4/26/2022 7:30:14 AM,Nicole.Hamre_UWA,4/26/2022 7:30:14 AM,Nicole.Hamre_UWA,3/12/2022 6:43:48 AM,Nicole.Hamre_UWA,3/12/2022 6:43:48 AM,Nicole.Hamre_UWA,,
151,cc6a5b1c-5c1a-4d9e-8a03-8cf8abacc370,e136992d-e229-462e-bc82-824809d83ed1,13,30,None,,1985,6450,Esperance,Male,,1,,,4,35452,,4/26/2022 7:30:14 AM,Nicole.Hamre_UWA,4/26/2022 7:30:14 AM,Nicole.Hamre_UWA,3/12/2022 7:24:54 AM,Nicole.Hamre_UWA,3/12/2022 7:24:54 AM,Nicole.Hamre_UWA,,
152,ebfdda85-1b97-40c4-991f-e889fcd77656,e8464e00-20ab-471a-9bc3-360628bc350b,12,2,None,,1952,6450,Esperance,Male,,1,,,3,Ed284,,4/26/2022 7:30:14 AM,Nicole.Hamre_UWA,4/26/2022 7:30:14 AM,Nicole.Hamre_UWA,3/9/2022 3:01:33 AM,Nicole.Hamre_UWA,3/9/2022 3:01:33 AM,Nicole.Hamre_UWA,,
153,daddf8a5-0ed4-4415-a74e-6540f40d563c,e162f75c-9e9a-4d59-9996-a55d4bdceb9f,6,12,None,,1964,6448,Esperance,Male,,3,,,7,Aj288,,4/26/2022 7:30:14 AM,Nicole.Hamre_UWA,4/26/2022 7:30:14 AM,Nicole.Hamre_UWA,3/11/2022 5:06:28 AM,Nicole.Hamre_UWA,3/11/2022 5:06:28 AM,Nicole.Hamre_UWA,,
154,cb89990f-e632-4ac2-879e-ce8da6b82ec9,8dad0574-ea07-4dcd-9ebb-ad0107d5738e,50,40,OW,500,1963,0,Esperance,Male,1,0,0,0,4,GB557,,4/26/2022 7:30:14 AM,Nicole.Hamre_UWA,4/26/2022 7:30:14 AM,Nicole.Hamre_UWA,3/10/2022 3:42:32 AM,Nicole.Hamre_UWA,3/10/2022 3:42:32 AM,Nicole.Hamre_UWA,,
155,2593427b-702a-419a-b130-546881dfadc5,815033d5-9f70-4487-a728-d14dc51eb08e,8,30,None,,1972,5690,Esperance,Male,,1,,,7,Fy824,,4/26/2022 7:30:14 AM,Nicole.Hamre_UWA,4/26/2022 7:30:14 AM,Nicole.Hamre_UWA,3/11/2022 4:50:14 AM,Nicole.Hamre_UWA,3/11/2022 4:50:14 AM,Nicole.Hamre_UWA,,
156,063fcb72-6350-4743-838e-635a25c6f141,88870620-8e0f-445c-9913-a33e44d500e2,40,20,None,,1986,6450,Esperance,Male,1,,,,4,Es417,,4/26/2022 7:30:14 AM,Nicole.Hamre_UWA,4/26/2022 7:30:14 AM,Nicole.Hamre_UWA,3/11/2022 3:58:25 AM,Nicole.Hamre_UWA,3/11/2022 3:58:25 AM,Nicole.Hamre_UWA,,
157,f0a280f5-b282-4c7e-9802-43385f8e30d7,7138d321-8db7-44a3-b0aa-538acfe02de4,50,50,None,,1970,6450,Esperance,Male,,,,,3,GS703,,4/26/2022 7:30:14 AM,Nicole.Hamre_UWA,4/26/2022 7:30:14 AM,Nicole.Hamre_UWA,3/11/2022 3:54:32 AM,Nicole.Hamre_UWA,3/11/2022 4:00:14 AM,Nicole.Hamre_UWA,,
158,4ae3133e-01e5-44e8-8d12-e69bb631dddb,572a4c44-7466-4257-b1ad-49732d4c5649,10,18,None,,1997,6430,Esperance,Male,,3,,,8,Bo102,,4/26/2022 7:30:14 AM,Nicole.Hamre_UWA,4/26/2022 7:30:14 AM,Nicole.Hamre_UWA,3/12/2022 5:51:29 AM,Nicole.Hamre_UWA,3/12/2022 5:51:29 AM,Nicole.Hamre_UWA,,
159,f14a7c7d-aa57-4623-9f1d-761f086e5f17,f9fea0a2-797e-4012-a20c-77f140e8afaa,25,30,None,,1983,6450,Esperance,Male,,2,,,5,Br543,,4/26/2022 7:30:14 AM,Nicole.Hamre_UWA,4/26/2022 7:30:14 AM,Nicole.Hamre_UWA,3/12/2022 4:12:19 AM,Nicole.Hamre_UWA,3/12/2022 4:12:19 AM,Nicole.Hamre_UWA,,
160,1a1b2ced-28b4-4cf5-90e0-3582b8a0d1d2,89d10b01-c100-4498-becf-b82a4bf0d26f,50,40,I,500,1974,6450,Esperance,Male,1,1,,,4,Gb557,,4/26/2022 7:30:14 AM,Nicole.Hamre_UWA,4/26/2022 7:30:14 AM,Nicole.Hamre_UWA,3/11/2022 3:49:02 AM,Nicole.Hamre_UWA,3/11/2022 3:49:02 AM,Nicole.Hamre_UWA,,
161,769505b0-7dba-4b19-bf2c-0bdd44393fad,16402c26-fbe0-41d1-8987-ef8b2e58e268,3,10,None,,1986,6430,Esperance,Male,,3,,,7,Et762,,4/26/2022 7:30:14 AM,Nicole.Hamre_UWA,4/26/2022 7:30:14 AM,Nicole.Hamre_UWA,3/11/2022 5:01:58 AM,Nicole.Hamre_UWA,3/11/2022 5:01:58 AM,Nicole.Hamre_UWA,,
162,343386f2-1a6b-493c-b5ad-a9b9bc02a226,770ad937-d86f-414c-bf4a-4f6ab192176d,10,2,None,,1996,6450,Esperance,Male,,1,,,3,Da799,,4/26/2022 7:30:14 AM,Nicole.Hamre_UWA,4/26/2022 7:30:14 AM,Nicole.Hamre_UWA,3/12/2022 4:38:04 AM,Nicole.Hamre_UWA,3/12/2022 4:38:04 AM,Nicole.Hamre_UWA,,
163,eaf588ed-f812-44af-9bc5-dccbda0fd13f,e20955c6-4068-4948-b964-8733c57456b0,20,30,None,,1986,6450,Esperance,Male,,,,,1,Eg065,"Jet ski - conscious of sustainability, only fishes when freezer is empty",4/26/2022 7:30:14 AM,Nicole.Hamre_UWA,4/26/2022 7:30:14 AM,Nicole.Hamre_UWA,3/15/2022 1:50:18 AM,Nicole.Hamre_UWA,3/15/2022 1:50:18 AM,Nicole.Hamre_UWA,,
164,020e7bcc-3242-496a-bc81-3f5197b5e9bb,4f32b570-333c-4069-a5b5-61a901f58084,25,55,None,,1946,6450,Esperance,Male,,1,,,3,Og461,,4/26/2022 7:30:14 AM,Nicole.Hamre_UWA,4/26/2022 7:30:14 AM,Nicole.Hamre_UWA,3/15/2022 2:38:39 AM,Nicole.Hamre_UWA,3/15/2022 2:38:39 AM,Nicole.Hamre_UWA,,
165,9e033662-5de7-42da-9882-5ad1773a3aea,c36ca304-69b5-4c71-88f3-8b9309af3b68,150,40,None,,1970,6450,Esperance,Male,,,,,3,Gs703,,4/26/2022 7:30:14 AM,Nicole.Hamre_UWA,4/26/2022 7:30:14 AM,Nicole.Hamre_UWA,3/15/2022 3:05:21 AM,Nicole.Hamre_UWA,3/15/2022 3:05:21 AM,Nicole.Hamre_UWA,,
166,a966ec39-25a5-4deb-9d75-8f7121018a0c,34e6ea76-a0d9-4c61-aca9-39a5a3696c72,50,55,None,,1958,6450,Esperance,Male,,,,,3,Ed284,,4/26/2022 7:30:14 AM,Nicole.Hamre_UWA,4/26/2022 7:30:14 AM,Nicole.Hamre_UWA,3/15/2022 3:10:13 AM,Nicole.Hamre_UWA,3/15/2022 3:10:13 AM,Nicole.Hamre_UWA,,
167,ab249c6a-ec2b-42b2-9a29-455c987a2de1,f46b03e7-2958-45bb-847d-6966ab6d6559,12,50,None,,1967,6540,Esperance,Female,,1,,,3,Du372,,4/26/2022 7:30:14 AM,Nicole.Hamre_UWA,4/26/2022 7:30:14 AM,Nicole.Hamre_UWA,3/15/2022 3:14:30 AM,Nicole.Hamre_UWA,3/15/2022 3:14:30 AM,Nicole.Hamre_UWA,,
168,46ffc611-54c5-473b-ac6e-6fbdf3f2c0f3,67fe0c09-eadd-481e-985a-dbc6cbf06166,50,20,None,,1997,6450,Esperance,Male,1,,,,3,Be259,,4/26/2022 7:30:14 AM,Nicole.Hamre_UWA,4/26/2022 7:30:14 AM,Nicole.Hamre_UWA,3/15/2022 3:20:25 AM,Nicole.Hamre_UWA,3/15/2022 3:20:25 AM,Nicole.Hamre_UWA,,
169,9c78ecec-dd95-417c-9d24-01d5468e4270,a0c5b463-a32a-4c5d-a209-a5b125be2378,1,10,None,,1998,6170,Esperance,Male,,3,,,4,Hire boat ,,4/26/2022 7:30:14 AM,Nicole.Hamre_UWA,4/26/2022 7:30:14 AM,Nicole.Hamre_UWA,3/15/2022 3:27:51 AM,Nicole.Hamre_UWA,3/15/2022 3:27:51 AM,Nicole.Hamre_UWA,,
170,9884fa51-d8f8-4e0e-99b8-d30d97244be7,97246a80-be4b-442f-b4e0-bb9d0000e224,5,60,None,,1937,6450,Esperance,Male,1,,,,3,Bs606,,4/26/2022 7:30:14 AM,Nicole.Hamre_UWA,4/26/2022 7:30:14 AM,Nicole.Hamre_UWA,3/15/2022 3:38:31 AM,Nicole.Hamre_UWA,3/15/2022 3:38:31 AM,Nicole.Hamre_UWA,,
171,d98e90d9-4599-4806-88da-00ed0a6a30da,5aa9063f-aeb6-49a6-ada2-955bf628c841,150,55,None,,1956,6537,Esperance,Male,,1,,,3,Iox342n,,4/26/2022 7:30:14 AM,Nicole.Hamre_UWA,4/26/2022 7:30:14 AM,Nicole.Hamre_UWA,3/15/2022 3:49:24 AM,Nicole.Hamre_UWA,3/15/2022 3:49:24 AM,Nicole.Hamre_UWA,,
172,38b5ae8a-4bb3-46a1-8721-c0543957ee09,1e6d8a89-5e0a-4dad-bd48-d544e185f95c,35,38,None,,1972,6460,Esperance,Male,,1,,,3,Bb369,,4/26/2022 7:30:14 AM,Nicole.Hamre_UWA,4/26/2022 7:30:14 AM,Nicole.Hamre_UWA,3/15/2022 4:17:55 AM,Nicole.Hamre_UWA,3/15/2022 4:17:55 AM,Nicole.Hamre_UWA,,
173,99873eea-8d7f-43ca-a5c6-37da73eee262,7cb51318-863b-4561-9a7c-1531c3309708,1,30,None,,1980,6432,Esperance,Male,,,,,3,Orange boat white top,,4/26/2022 7:30:14 AM,Nicole.Hamre_UWA,4/26/2022 7:30:14 AM,Nicole.Hamre_UWA,3/15/2022 4:24:38 AM,Nicole.Hamre_UWA,3/15/2022 4:24:38 AM,Nicole.Hamre_UWA,,
174,4f5373f1-fa03-49d8-82f7-316396a0a216,6439b27f-3f8b-456b-bb14-cd70deb3fd70,4,40,None,,1964,6340,Esperance,Male,,2,,,7,Ap678,Too many pots making it dangerous in the water,4/26/2022 7:30:14 AM,Nicole.Hamre_UWA,4/26/2022 7:30:14 AM,Nicole.Hamre_UWA,3/15/2022 5:02:34 AM,Nicole.Hamre_UWA,3/15/2022 5:02:34 AM,Nicole.Hamre_UWA,,
175,047d5c8a-e0fa-4385-a18b-2a77ae69dd2d,e848a873-15a5-4f09-adb5-5a8e07bb1414,12,45,None,,1967,6450,Esperance,Male,,1,,,5,Ed602,,4/26/2022 7:30:14 AM,Nicole.Hamre_UWA,4/26/2022 7:30:14 AM,Nicole.Hamre_UWA,3/15/2022 6:16:37 AM,Nicole.Hamre_UWA,3/15/2022 6:16:37 AM,Nicole.Hamre_UWA,,
176,f62369e4-d63a-460d-82a9-2cb88912c945,a50fe43d-acbf-49f7-a7f1-c3b0635f25c4,15,40,None,,1976,6450,Esperance,Male,,2,,,7,Cu900,,4/26/2022 7:30:14 AM,Nicole.Hamre_UWA,4/26/2022 7:30:14 AM,Nicole.Hamre_UWA,3/15/2022 7:10:46 AM,Nicole.Hamre_UWA,3/15/2022 7:10:46 AM,Nicole.Hamre_UWA,,
177,f2dc61c8-7277-4d49-9937-5ff7c146dd23,c7d77e7a-2d1e-425a-a692-333ad181f833,10,2,None,,1998,6060,Esperance,Female,,1,,,3,Eg872,,4/26/2022 7:30:14 AM,Nicole.Hamre_UWA,4/26/2022 7:30:14 AM,Nicole.Hamre_UWA,3/16/2022 3:22:53 AM,Nicole.Hamre_UWA,3/16/2022 3:22:53 AM,Nicole.Hamre_UWA,,
178,373ea551-29b9-48e3-b662-5128527ece0b,ea54c0f5-a231-458c-bd4b-6dc7c7b8028f,10,55,None,,1955,6230,Esperance,Female,,1,,,3,Gp711,,4/26/2022 7:30:14 AM,Nicole.Hamre_UWA,4/26/2022 7:30:14 AM,Nicole.Hamre_UWA,3/17/2022 2:38:06 AM,Nicole.Hamre_UWA,3/17/2022 2:38:06 AM,Nicole.Hamre_UWA,,
179,50756d7a-0597-4289-9e4c-3358ee7d6b1d,f7415b1e-69fa-4594-be09-aff9b4c91ef4,5,10,None,,1958,6450,Esperance,Male,,1,,,5,Gd617,,4/26/2022 7:30:14 AM,Nicole.Hamre_UWA,4/26/2022 7:30:14 AM,Nicole.Hamre_UWA,3/17/2022 5:04:35 AM,Nicole.Hamre_UWA,3/17/2022 5:04:35 AM,Nicole.Hamre_UWA,,
180,85948315-ed09-4102-b3cf-408a414c6ad4,3389bf50-8f9e-4a9e-9121-ddb969a3e2c6,30,24,None,,1993,6450,Esperance,Male,,1,,,7,Em622,,4/26/2022 7:30:14 AM,Nicole.Hamre_UWA,4/26/2022 7:30:14 AM,Nicole.Hamre_UWA,3/17/2022 5:10:25 AM,Nicole.Hamre_UWA,3/17/2022 5:10:25 AM,Nicole.Hamre_UWA,,
181,69397710-d2a7-403d-812e-0be51db0b3ef,1d2d0559-d142-4115-ad69-99be01045c50,7,10,None,,1981,6167,Esperance,Male,,1,,,7,83937,,4/26/2022 7:30:14 AM,Nicole.Hamre_UWA,4/26/2022 7:30:14 AM,Nicole.Hamre_UWA,3/17/2022 5:49:23 AM,Nicole.Hamre_UWA,3/17/2022 5:49:23 AM,Nicole.Hamre_UWA,,
182,b9a90069-d69d-4239-ae3a-4167f8d5e43d,5a70830e-16f2-4297-a728-453eae5445ef,50,50,I,500,1958,6450,Esperance,Male,1,,,,6,Bu962,,4/26/2022 7:30:14 AM,Nicole.Hamre_UWA,4/26/2022 7:30:14 AM,Nicole.Hamre_UWA,3/17/2022 5:54:25 AM,Nicole.Hamre_UWA,3/17/2022 5:54:25 AM,Nicole.Hamre_UWA,,
183,94858bd5-bba0-4d5b-a462-0245922a2719,0d9b362f-db1f-4b78-853c-ae9d7b9b2c65,12,20,None,,1977,6450,Esperance,Male,,1,,,8,Bk463,,4/26/2022 7:30:14 AM,Nicole.Hamre_UWA,4/26/2022 7:30:14 AM,Nicole.Hamre_UWA,3/17/2022 6:08:36 AM,Nicole.Hamre_UWA,3/17/2022 6:08:36 AM,Nicole.Hamre_UWA,,
184,b4eb183a-6e33-4d07-8785-0f40cc04c2b9,c4de07e0-fbf4-44e2-af48-16581bc4f8c6,10,10,None,,1991,6450,Esperance,Female,,1,,,3,Aq064,,4/26/2022 7:30:14 AM,Nicole.Hamre_UWA,4/26/2022 7:30:14 AM,Nicole.Hamre_UWA,3/17/2022 6:31:07 AM,Nicole.Hamre_UWA,3/17/2022 6:31:07 AM,Nicole.Hamre_UWA,,
185,f6c9a446-7ed9-428d-9dc2-782e24d36539,1efa9d4f-ea00-461f-a20b-36b71a6c4c28,50,18,None,,1994,6069,Esperance,Male,,1,,,10,Gr630,,4/26/2022 7:30:14 AM,Nicole.Hamre_UWA,4/26/2022 7:30:14 AM,Nicole.Hamre_UWA,3/17/2022 6:59:49 AM,Nicole.Hamre_UWA,3/17/2022 6:59:49 AM,Nicole.Hamre_UWA,,
186,8a88fda8-01c9-4978-b246-d9bfd7e391ea,c8827a58-394c-4a0f-b6a9-1f957002c8c5,6,0,None,,1961,0,Esperance,Female,0,0,0,0,,,,4/26/2022 7:30:14 AM,Nicole.Hamre_UWA,4/26/2022 7:30:14 AM,Nicole.Hamre_UWA,3/18/2022 3:17:04 AM,Nicole.Hamre_UWA,3/18/2022 3:17:04 AM,Nicole.Hamre_UWA,,
187,9d5f5e4f-4f8d-4213-85f0-7571bb33043b,448c7285-cb60-4afb-bbb1-f55962e85e58,30,30,None,0,1978,6450,Esperance,Male,0,1,0,0,6,DJ546,,4/26/2022 7:30:14 AM,Nicole.Hamre_UWA,4/26/2022 7:30:14 AM,Nicole.Hamre_UWA,3/20/2022 4:16:03 AM,Nicole.Hamre_UWA,3/20/2022 4:16:03 AM,Nicole.Hamre_UWA,,
188,09434c90-e743-4f59-9313-a3379ceefa0e,b0cb1815-3029-424d-ade1-d6a26c6c592a,50,60,None,0,1956,6537,Esperance,Male,0,1,0,0,4,IDX342N,,4/26/2022 7:30:14 AM,Nicole.Hamre_UWA,4/26/2022 7:30:14 AM,Nicole.Hamre_UWA,3/17/2022 2:30:52 AM,Nicole.Hamre_UWA,3/17/2022 2:30:52 AM,Nicole.Hamre_UWA,,
189,9575a545-9591-410e-83a7-dd828e7daf46,5e230049-25ed-4009-8322-c71acf6ae20f,14,55,None,0,1966,6230,Esperance,Female,0,1,0,0,4,GA114,,4/26/2022 7:30:14 AM,Nicole.Hamre_UWA,4/26/2022 7:30:14 AM,Nicole.Hamre_UWA,3/17/2022 4:26:18 AM,Nicole.Hamre_UWA,3/17/2022 4:26:18 AM,Nicole.Hamre_UWA,,
190,f9848133-ae39-4401-97b7-e76756183213,eefaa98a-881c-4c99-8cec-e0f26044bc96,12,50,None,0,1959,0,Esperance,Male,0,2,0,0,7,Bb281,,4/26/2022 7:30:14 AM,Nicole.Hamre_UWA,4/26/2022 7:30:14 AM,Nicole.Hamre_UWA,3/15/2022 4:56:48 AM,Nicole.Hamre_UWA,3/15/2022 4:56:48 AM,Nicole.Hamre_UWA,,
191,e20856a8-14d1-40cd-af41-34d38202bab6,aa599799-f281-4c7f-b9f5-48b23b575f00,6,30,None,0,1959,0,Esperance,Female,0,1,0,0,4,DP921,,4/26/2022 7:30:14 AM,Nicole.Hamre_UWA,4/26/2022 7:30:14 AM,Nicole.Hamre_UWA,3/17/2022 2:48:45 AM,Nicole.Hamre_UWA,3/17/2022 2:48:45 AM,Nicole.Hamre_UWA,,
192,119a1547-0514-459c-9c7f-9cd23c9c63f4,d8b9bdea-a4f0-489e-95da-2a057c3b9487,6,45,None,0,1955,6156,Esperance,Female,0,1,0,0,5,GI409,Holiday home here for 6 months,4/26/2022 7:30:14 AM,Nicole.Hamre_UWA,4/26/2022 7:30:14 AM,Nicole.Hamre_UWA,3/17/2022 5:38:16 AM,Nicole.Hamre_UWA,3/17/2022 5:38:16 AM,Nicole.Hamre_UWA,,
193,3f6efe02-336b-441a-aac8-a7e089879b8b,0c55f57c-00a3-40ac-8d9c-2ee46fb3dcee,7,40,None,,1963,6450,Esperance,Female,,1,,,3,22414,,4/26/2022 7:30:14 AM,Nicole.Hamre_UWA,4/26/2022 7:30:14 AM,Nicole.Hamre_UWA,3/18/2022 5:58:40 AM,Nicole.Hamre_UWA,3/18/2022 5:58:40 AM,Nicole.Hamre_UWA,,
194,b364f717-0feb-40bd-b577-0d8bc3bac308,54d2c2ba-cb56-4577-b4e1-862065457c66,21,22,None,0,1997,6016,Esperance,Male,1,0,0,0,4,EG872,,4/26/2022 7:30:14 AM,Nicole.Hamre_UWA,4/26/2022 7:30:14 AM,Nicole.Hamre_UWA,3/17/2022 4:19:18 AM,Nicole.Hamre_UWA,3/17/2022 4:19:18 AM,Nicole.Hamre_UWA,,
195,19218e17-6ac5-4ee9-9bc0-2c2d1c82b8c2,9ba063e6-a3fd-4086-bfe8-ad649449f54f,20,40,None,,1982,6450,Esperance,Male,,1,,,4,Gi504,,4/26/2022 7:30:14 AM,Nicole.Hamre_UWA,4/26/2022 7:30:14 AM,Nicole.Hamre_UWA,3/18/2022 5:50:12 AM,Nicole.Hamre_UWA,3/18/2022 5:50:12 AM,Nicole.Hamre_UWA,,
196,4f3e5045-30c3-4710-a927-7c3588b1ba9b,32d8bfcd-ab55-4b91-b12e-5b7d669db6dc,25,45,None,0,1965,0,Esperance,Male,0,0,0,0,5,EC082,,4/26/2022 7:30:14 AM,Nicole.Hamre_UWA,4/26/2022 7:30:14 AM,Nicole.Hamre_UWA,3/17/2022 3:06:34 AM,Nicole.Hamre_UWA,3/17/2022 3:06:34 AM,Nicole.Hamre_UWA,,
197,79a86e87-f24b-44ff-abe4-c6228c0f7b1d,7f991869-47b8-45ab-9e80-7d6dd424209c,5,6,None,0,1965,0,Esperance,Female,0,2,0,0,8,DW010,,4/26/2022 7:30:14 AM,Nicole.Hamre_UWA,4/26/2022 7:30:14 AM,Nicole.Hamre_UWA,3/15/2022 5:32:17 AM,Nicole.Hamre_UWA,3/15/2022 5:32:17 AM,Nicole.Hamre_UWA,,
198,a09b4d17-0288-438d-bed0-4fa4b559675c,5f68c899-068d-48c4-b20a-1ed05c5b4c51,15,59,None,0,1953,0,Esperance,Male,0,2,0,0,6,,,4/26/2022 7:30:14 AM,Nicole.Hamre_UWA,4/26/2022 7:30:14 AM,Nicole.Hamre_UWA,3/15/2022 4:17:09 AM,Nicole.Hamre_UWA,3/15/2022 4:21:17 AM,Nicole.Hamre_UWA,,
199,51e53c2b-57ec-4de0-9bbd-698852be6020,ef921a93-6341-4fb9-9f7b-6d777f9eee79,40,20,OW,500,1986,0,Esperance,Male,0,1,0,0,5,EH423,Made a comment about big whaler taking fish more often. Live here whole life used to never happen at all and it’s the common but has noticed it increase in the last couple of years. Nothing like Exmouth but noticeable increase. ,4/26/2022 7:30:14 AM,Nicole.Hamre_UWA,4/26/2022 7:30:14 AM,Nicole.Hamre_UWA,3/17/2022 5:17:08 AM,Nicole.Hamre_UWA,3/17/2022 5:17:08 AM,Nicole.Hamre_UWA,,
200,19d9330b-bdcd-4b93-abec-b5b9589753be,691f3e20-93ad-4933-997a-598c707ee239,6,35,None,,1982,6450,Esperance,Male,1,,2,,3,Df551,,4/26/2022 7:30:14 AM,Nicole.Hamre_UWA,4/26/2022 7:30:14 AM,Nicole.Hamre_UWA,3/18/2022 3:52:53 AM,Nicole.Hamre_UWA,3/18/2022 3:52:53 AM,Nicole.Hamre_UWA,,
201,7dcc3b41-d83e-4fd3-bbd9-04a954120c89,6f05f333-ce59-461b-96f9-f503e2c0c7d3,6,1,None,0,1965,0,Esperance,Male,0,0,0,0,5,DF149,,4/26/2022 7:30:14 AM,Nicole.Hamre_UWA,4/26/2022 7:30:14 AM,Nicole.Hamre_UWA,3/15/2022 3:27:31 AM,Nicole.Hamre_UWA,3/15/2022 3:27:31 AM,Nicole.Hamre_UWA,,
202,029e59c3-04a5-4328-93eb-b5071888d07c,5cd49537-7e2b-4a94-bf16-317bc1a36bc0,35,20,None,,1999,6450,Esperance,Male,1,1,,,3,Av079,,4/26/2022 7:30:14 AM,Nicole.Hamre_UWA,4/26/2022 7:30:14 AM,Nicole.Hamre_UWA,3/19/2022 2:04:26 AM,Nicole.Hamre_UWA,3/19/2022 2:06:32 AM,Nicole.Hamre_UWA,,
203,191f7e95-c340-4b72-b210-ba94da5a6780,6c6b96b8-5f50-4c63-bc38-3a3f487fc8e3,1,10,None,,1951,6450,Esperance,Female,,1,,,4,Gd088,,4/26/2022 7:30:14 AM,Nicole.Hamre_UWA,4/26/2022 7:30:14 AM,Nicole.Hamre_UWA,3/18/2022 5:01:32 AM,Nicole.Hamre_UWA,3/18/2022 5:01:32 AM,Nicole.Hamre_UWA,,
204,8fc25d49-35ec-4c0f-8c3c-35c40106f856,f2ac6606-cc60-48c0-80ae-a49eea03aaad,19,60,None,0,1945,0,Esperance,Male,0,0,0,0,5,DQ898,,4/26/2022 7:30:14 AM,Nicole.Hamre_UWA,4/26/2022 7:30:14 AM,Nicole.Hamre_UWA,3/15/2022 5:07:16 AM,Nicole.Hamre_UWA,3/15/2022 5:07:16 AM,Nicole.Hamre_UWA,,
205,4e90cdbe-833c-45b1-b12f-5d7b3af6ded1,196b8c8c-48b6-4fb5-b644-9645c4a6ea29,12,20,None,,1988,6450,Esperance,Male,,2,,,4,As103,,4/26/2022 7:30:14 AM,Nicole.Hamre_UWA,4/26/2022 7:30:14 AM,Nicole.Hamre_UWA,3/20/2022 3:50:12 AM,Nicole.Hamre_UWA,3/20/2022 3:50:12 AM,Nicole.Hamre_UWA,,
206,a355ac90-1853-4587-9dd1-a63160f2e09f,f871f9d8-d18a-40ce-bb7b-3599b6bc4f79,30,40,I,500,1974,6450,Esperance,Male,1,1,,,4,72014,,4/26/2022 7:30:14 AM,Nicole.Hamre_UWA,4/26/2022 7:30:14 AM,Nicole.Hamre_UWA,3/18/2022 5:17:41 AM,Nicole.Hamre_UWA,3/18/2022 5:17:41 AM,Nicole.Hamre_UWA,,
207,f50cb73d-450c-49b3-aabf-e54a9076c400,12a570b4-e31b-4c72-acbd-84b8b255ff30,4,40,None,,1963,6450,Esperance,Male,,2,,,4,Ax495,,4/26/2022 7:30:14 AM,Nicole.Hamre_UWA,4/26/2022 7:30:14 AM,Nicole.Hamre_UWA,4/10/2022 5:51:50 AM,Nicole.Hamre_UWA,4/10/2022 5:51:50 AM,Nicole.Hamre_UWA,,
208,8c5e7b57-a17b-45de-9720-120206717054,eac1699c-2c6c-4b21-b05b-20a009f08f9e,12,40,None,,1973,6450,Esperance,Female,,2,,,5,69817,,4/26/2022 7:30:14 AM,Nicole.Hamre_UWA,4/26/2022 7:30:14 AM,Nicole.Hamre_UWA,4/10/2022 6:04:39 AM,Nicole.Hamre_UWA,4/10/2022 6:04:39 AM,Nicole.Hamre_UWA,,
209,be5c7051-3bb4-4d12-9ca9-51f47af964c9,ee314161-001f-423d-8269-9d161bc96d70,20,25,OW,70,1991,6450,Esperance,Male,,3,,,7,Bi410,,4/26/2022 7:30:14 AM,Nicole.Hamre_UWA,4/26/2022 7:30:14 AM,Nicole.Hamre_UWA,4/10/2022 6:38:11 AM,Nicole.Hamre_UWA,4/10/2022 6:38:11 AM,Nicole.Hamre_UWA,,
210,a09b2aba-08c6-4271-9751-cbcd98a9bd4e,1bc4681b-a173-4f36-81b2-d7a75dc28684,5,25,None,,1991,6450,Esperance,Male,,1,,,5,Ap678,,4/26/2022 7:30:14 AM,Nicole.Hamre_UWA,4/26/2022 7:30:14 AM,Nicole.Hamre_UWA,4/10/2022 7:14:04 AM,Nicole.Hamre_UWA,4/10/2022 7:14:04 AM,Nicole.Hamre_UWA,,
211,aa113118-2509-4bb2-9e0f-73acab7b8e46,d73d0b6c-9ff0-409e-b96e-9949cedfc986,40,60,None,,1941,6450,Esperance,Female,,1,,,3,Bh050,,4/26/2022 7:30:14 AM,Nicole.Hamre_UWA,4/26/2022 7:30:14 AM,Nicole.Hamre_UWA,4/15/2022 2:14:26 AM,Nicole.Hamre_UWA,4/15/2022 2:14:26 AM,Nicole.Hamre_UWA,,
212,ddb65c31-1bbb-4533-8529-dc97efb786ee,62745bec-b1e1-45db-a08f-58ec1a62b5ec,10,40,OW,5,1979,6450,Esperance,Male,,,,,3,Be711,,4/26/2022 7:30:14 AM,Nicole.Hamre_UWA,4/26/2022 7:30:14 AM,Nicole.Hamre_UWA,4/15/2022 2:39:16 AM,Nicole.Hamre_UWA,4/15/2022 2:39:16 AM,Nicole.Hamre_UWA,,
213,aa9a9c92-7294-43c4-8b3b-95b5c4ba9cc0,bc2318c7-a060-47fa-8c6d-ed03edfba7b9,20,10,None,,2004,6011,Esperance,Male,,1,,1,3,Jj912,,4/26/2022 7:30:14 AM,Nicole.Hamre_UWA,4/26/2022 7:30:14 AM,Nicole.Hamre_UWA,4/15/2022 3:28:15 AM,Nicole.Hamre_UWA,4/15/2022 3:28:15 AM,Nicole.Hamre_UWA,,
214,273805c1-d4b3-4f40-bdd7-a106c754a0a7,0b08c1af-2919-49b0-80f1-2bc5a795e5e5,24,30,None,,1980,6450,Esperance,Female,,1,,1,4,Ea403,,4/26/2022 7:30:14 AM,Nicole.Hamre_UWA,4/26/2022 7:30:14 AM,Nicole.Hamre_UWA,4/15/2022 3:54:59 AM,Nicole.Hamre_UWA,4/15/2022 3:54:59 AM,Nicole.Hamre_UWA,,
215,d5293ce2-e347-4a1e-878a-976890783006,530a9485-ba3d-4d46-9e96-acc2c9814e55,60,50,None,,1963,6450,Esperance,Male,,,,,3,Gf954,,4/26/2022 7:30:14 AM,Nicole.Hamre_UWA,4/26/2022 7:30:14 AM,Nicole.Hamre_UWA,4/15/2022 4:29:03 AM,Nicole.Hamre_UWA,4/15/2022 4:29:03 AM,Nicole.Hamre_UWA,,
216,33e4eb73-b939-4c7e-89b2-17d91262cfbc,0b6a26fc-2d7a-4daf-bde8-79fd6b795d7a,50,20,None,,1994,6450,Esperance,Male,,2,,,5,Ei686,,4/26/2022 7:30:14 AM,Nicole.Hamre_UWA,4/26/2022 7:30:14 AM,Nicole.Hamre_UWA,4/15/2022 4:36:58 AM,Nicole.Hamre_UWA,4/15/2022 4:36:58 AM,Nicole.Hamre_UWA,,
217,561b6c83-63f2-40a8-ad80-215e0c9baf1b,fe86052c-ed43-44b2-a6b0-36f53dfb9a24,20,10,None,,1983,6450,Esperance,Female,,1,1,1,6,Bt135,,4/26/2022 7:30:14 AM,Nicole.Hamre_UWA,4/26/2022 7:30:14 AM,Nicole.Hamre_UWA,4/15/2022 4:58:06 AM,Nicole.Hamre_UWA,4/15/2022 4:58:06 AM,Nicole.Hamre_UWA,,
218,9e0a63db-ce31-46df-8327-9cf74396955c,c7cef302-53d6-4ef0-98f9-94c2e965c5ce,12,50,None,,1947,6450,Esperance,Male,,2,,,7,Dv847,,4/26/2022 7:30:14 AM,Nicole.Hamre_UWA,4/26/2022 7:30:14 AM,Nicole.Hamre_UWA,4/15/2022 5:13:42 AM,Nicole.Hamre_UWA,4/15/2022 5:13:42 AM,Nicole.Hamre_UWA,,
219,73375872-1b02-445b-875e-e337112abfed,ac2879d5-6a34-4cd7-8637-a112a8386693,3,8,None,,1976,6450,Esperance,Male,,2,,,8,Ev 721,,4/26/2022 7:30:14 AM,Nicole.Hamre_UWA,4/26/2022 7:30:14 AM,Nicole.Hamre_UWA,4/15/2022 5:25:41 AM,Nicole.Hamre_UWA,4/15/2022 5:25:41 AM,Nicole.Hamre_UWA,,
220,5faa75ef-ac80-4193-a31b-61651443e358,5cbbcd1c-7eac-4435-a3eb-a1ad2defc165,10,50,None,,1966,6450,Esperance,Male,1,,,1,7,By102,,4/26/2022 7:30:14 AM,Nicole.Hamre_UWA,4/26/2022 7:30:14 AM,Nicole.Hamre_UWA,4/15/2022 5:30:35 AM,Nicole.Hamre_UWA,4/15/2022 5:30:35 AM,Nicole.Hamre_UWA,,
221,4dbdad31-0d97-4ead-bff6-899a5a083ed0,8ca182d2-e573-4842-803d-3d246d00d7c4,1,1,None,,1955,6450,Esperance,Female,,1,,,,,Kalgoorlie didn’t finish survey ,4/26/2022 7:30:14 AM,Nicole.Hamre_UWA,4/26/2022 7:30:14 AM,Nicole.Hamre_UWA,4/15/2022 5:47:25 AM,Nicole.Hamre_UWA,4/15/2022 5:47:25 AM,Nicole.Hamre_UWA,,
222,52863d9d-866f-4c46-babb-fe6046a6a46d,213b89b9-a061-46d6-9d81-1da2454e2854,10,15,None,,1977,6450,Esperance,Male,,2,,,9,Eo948,,4/26/2022 7:30:14 AM,Nicole.Hamre_UWA,4/26/2022 7:30:14 AM,Nicole.Hamre_UWA,4/15/2022 5:50:57 AM,Nicole.Hamre_UWA,4/15/2022 5:50:57 AM,Nicole.Hamre_UWA,,
223,2fd5ec32-a60e-484b-8495-69a7852810ea,048fab52-81c6-4cb1-936f-af8371ca17e3,2,60,None,,1949,6450,Esperance,Male,,1,,,7,Dg315,,4/26/2022 7:30:14 AM,Nicole.Hamre_UWA,4/26/2022 7:30:14 AM,Nicole.Hamre_UWA,4/15/2022 5:58:01 AM,Nicole.Hamre_UWA,4/15/2022 5:58:01 AM,Nicole.Hamre_UWA,,
224,3170feba-103b-4902-989e-a78849636c22,398b4e99-903b-4496-bc49-a98d270e0957,25,47,OW,10,1972,6450,Esperance,Male,1,,,1,5,Dz251,,4/26/2022 7:30:14 AM,Nicole.Hamre_UWA,4/26/2022 7:30:14 AM,Nicole.Hamre_UWA,4/15/2022 6:02:51 AM,Nicole.Hamre_UWA,4/15/2022 6:02:51 AM,Nicole.Hamre_UWA,,
225,dcf5baff-4b69-4eaf-800d-c14f4ad0e671,20c6cf7d-2c3a-4641-9e8d-44847c499600,1,60,None,,1959,6450,Esperance,Male,,1,,,7,3226,,4/26/2022 7:30:14 AM,Nicole.Hamre_UWA,4/26/2022 7:30:14 AM,Nicole.Hamre_UWA,4/15/2022 6:06:47 AM,Nicole.Hamre_UWA,4/15/2022 6:06:47 AM,Nicole.Hamre_UWA,,
226,ca2406a5-d341-4add-aa0f-fe6674c7aa68,c60fcca5-525b-4f11-97b6-bbcbed31e5df,100,20,None,,1996,6450,Esperance,Male,2,1,,,5,Dj564,,4/26/2022 7:30:14 AM,Nicole.Hamre_UWA,4/26/2022 7:30:14 AM,Nicole.Hamre_UWA,4/15/2022 6:10:16 AM,Nicole.Hamre_UWA,4/15/2022 6:10:16 AM,Nicole.Hamre_UWA,,
227,aa4f8ba1-3458-48bb-b127-5e17f3528134,bba47f52-25b3-4f74-b0dd-259d4c45790a,7,10,None,,1964,6450,Esperance,Male,,2,,,8,Force 10,,4/26/2022 7:30:14 AM,Nicole.Hamre_UWA,4/26/2022 7:30:14 AM,Nicole.Hamre_UWA,4/15/2022 6:13:12 AM,Nicole.Hamre_UWA,4/15/2022 6:13:12 AM,Nicole.Hamre_UWA,,
228,fce54ab1-e033-40b0-823d-0265d8249acc,e7531437-45e3-42c1-8e38-8412bd1759ff,15,55,None,,1958,6450,Esperance,Male,,2,,,6,52492,,4/26/2022 7:30:14 AM,Nicole.Hamre_UWA,4/26/2022 7:30:14 AM,Nicole.Hamre_UWA,4/15/2022 6:19:00 AM,Nicole.Hamre_UWA,4/15/2022 6:19:00 AM,Nicole.Hamre_UWA,,
229,f001a3e5-694b-456d-a958-4534c6aceea4,bd02c618-9921-4485-8ca4-b4f976187273,15,30,None,,1985,6450,Esperance,Male,,1,,,4,33452,,4/26/2022 7:30:14 AM,Nicole.Hamre_UWA,4/26/2022 7:30:14 AM,Nicole.Hamre_UWA,4/15/2022 6:29:06 AM,Nicole.Hamre_UWA,4/15/2022 6:29:06 AM,Nicole.Hamre_UWA,,
230,5445c4d1-5bc2-465d-9a0e-0592b3da65ba,b5d87152-43d2-4885-9615-53c5a6d25bcd,12,40,None,,1977,6450,Esperance,Male,,1,,1,3,Bk463,,4/26/2022 7:30:14 AM,Nicole.Hamre_UWA,4/26/2022 7:30:14 AM,Nicole.Hamre_UWA,4/15/2022 6:33:50 AM,Nicole.Hamre_UWA,4/15/2022 6:33:50 AM,Nicole.Hamre_UWA,,
231,a408bfcc-d360-4638-b5bf-dde8c947a23e,7c3badaa-8eb8-4e4e-89cd-1c76bc4668b2,40,20,None,,1999,6450,Esperance,Male,,1,,,3,Av079,,4/26/2022 7:30:14 AM,Nicole.Hamre_UWA,4/26/2022 7:30:14 AM,Nicole.Hamre_UWA,4/15/2022 6:36:56 AM,Nicole.Hamre_UWA,4/15/2022 6:41:07 AM,Nicole.Hamre_UWA,,
232,f919a72e-814e-4e1b-b6d2-eeaee841d2cf,23152f3e-9ecc-4e7c-bc0d-60d49739cd0d,10,40,None,,1958,6450,Esperance,Male,,2,,,7,Gd617,,4/26/2022 7:30:14 AM,Nicole.Hamre_UWA,4/26/2022 7:30:14 AM,Nicole.Hamre_UWA,4/15/2022 6:40:48 AM,Nicole.Hamre_UWA,4/15/2022 6:42:43 AM,Nicole.Hamre_UWA,,
233,46785652-da1f-42a4-b805-2857aca1eb16,f3669da2-3f16-4aa9-9692-ac179c47f32c,6,48,DM,500,1968,6450,Esperance,Male,,1,,2,5,El608,,4/26/2022 7:30:14 AM,Nicole.Hamre_UWA,4/26/2022 7:30:14 AM,Nicole.Hamre_UWA,4/15/2022 6:52:48 AM,Nicole.Hamre_UWA,4/15/2022 6:52:48 AM,Nicole.Hamre_UWA,,
234,33eacf70-512a-40c0-b307-68b870066ea0,56adecd6-71fb-4139-91e2-b597d64c0770,25,30,AOW,500,1993,6430,Esperance,Male,,1,,,7,Eo239,,4/26/2022 7:30:14 AM,Nicole.Hamre_UWA,4/26/2022 7:30:14 AM,Nicole.Hamre_UWA,4/15/2022 7:13:52 AM,Nicole.Hamre_UWA,4/15/2022 7:13:52 AM,Nicole.Hamre_UWA,,
235,f35356ee-100b-427f-b016-f8b0cc7cd7a2,1adc2f92-3f14-4e68-a2ca-ea383a339768,10,17,None,,1972,6450,Esperance,Male,1,1,1,,4,Ea099,,4/26/2022 7:30:14 AM,Nicole.Hamre_UWA,4/26/2022 7:30:14 AM,Nicole.Hamre_UWA,4/15/2022 7:54:46 AM,Nicole.Hamre_UWA,4/15/2022 7:54:46 AM,Nicole.Hamre_UWA,,
236,7ce84383-0155-4c5d-8467-f60b3a24ab39,14e17438-3700-45c3-ac6f-d187e8e7dc1c,12,46,None,,1970,6450,Esperance,Male,,1,,1,9,Eb757,,4/26/2022 7:30:14 AM,Nicole.Hamre_UWA,4/26/2022 7:30:14 AM,Nicole.Hamre_UWA,4/15/2022 8:11:44 AM,Nicole.Hamre_UWA,4/15/2022 8:11:44 AM,Nicole.Hamre_UWA,,
237,489cb9e0-cdea-481c-b877-bc0a7ccc6ea8,6a4a6782-1694-4116-a96a-ec8ccc27776e,6,25,None,,1991,6450,Esperance,Male,,1,,,8,Ap678,,4/26/2022 7:30:14 AM,Nicole.Hamre_UWA,4/26/2022 7:30:14 AM,Nicole.Hamre_UWA,4/15/2022 8:22:13 AM,Nicole.Hamre_UWA,4/15/2022 8:22:13 AM,Nicole.Hamre_UWA,,
238,891fd933-4ecb-45be-9c4f-85d4f7322d96,75915138-f54f-4aeb-b270-827c7c62c71e,1,1,None,,1976,6450,Esperance,Female,1,2,,,8,Gj914,,4/26/2022 7:30:14 AM,Nicole.Hamre_UWA,4/26/2022 7:30:14 AM,Nicole.Hamre_UWA,4/15/2022 8:29:54 AM,Nicole.Hamre_UWA,4/15/2022 8:29:54 AM,Nicole.Hamre_UWA,,
239,caf10c2f-034b-42be-a5e8-6ade1296a74c,6c90b398-cd00-4f55-b737-74f0f190422c,1,50,None,,1952,6308,Esperance,Male,,1,,,3,Bl147,,4/26/2022 7:30:14 AM,Nicole.Hamre_UWA,4/26/2022 7:30:14 AM,Nicole.Hamre_UWA,4/16/2022 1:51:22 AM,Nicole.Hamre_UWA,4/16/2022 1:51:22 AM,Nicole.Hamre_UWA,,
240,b291fef6-7761-4217-aa2e-3098bb3e6b52,323b6228-c942-4f03-b824-d68869617b0c,200,30,OW,500,1982,6450,Esperance,Male,,,,,2,Red blow up boat,Rubber blow up boat ,4/26/2022 7:30:14 AM,Nicole.Hamre_UWA,4/26/2022 7:30:14 AM,Nicole.Hamre_UWA,4/16/2022 3:12:07 AM,Nicole.Hamre_UWA,4/16/2022 3:12:07 AM,Nicole.Hamre_UWA,,
241,66a034f7-368f-4f43-901f-43384467da93,c73f7be9-ca48-47a5-aa44-065982c0eb7d,60,50,None,,1963,6450,Esperance,Male,,,,,3,Gf954,,4/26/2022 7:30:14 AM,Nicole.Hamre_UWA,4/26/2022 7:30:14 AM,Nicole.Hamre_UWA,4/16/2022 3:17:26 AM,Nicole.Hamre_UWA,4/16/2022 3:35:08 AM,Nicole.Hamre_UWA,,
242,a24e6e84-8ee0-4490-aee8-42fbad23d1c6,abc2bf10-e1b6-48eb-a07a-e0083f3e0c5a,12,30,None,,1987,6450,Esperance,Male,,2,,2,3,Ew547,,4/26/2022 7:30:14 AM,Nicole.Hamre_UWA,4/26/2022 7:30:14 AM,Nicole.Hamre_UWA,4/16/2022 4:40:01 AM,Nicole.Hamre_UWA,4/16/2022 4:40:01 AM,Nicole.Hamre_UWA,,
243,451d4e63-3386-4fd9-bb73-ebedc9d8d809,dbff0c9f-3ba8-4702-aa67-6090927e3107,12,20,None,,1957,6450,Esperance,Male,,1,,,7,Dv957,,4/26/2022 7:30:14 AM,Nicole.Hamre_UWA,4/26/2022 7:30:14 AM,Nicole.Hamre_UWA,4/16/2022 4:48:35 AM,Nicole.Hamre_UWA,4/16/2022 4:48:35 AM,Nicole.Hamre_UWA,,
244,f4e0bea2-2be5-4a0b-8baf-7a05594d4c26,524696e0-82ea-4c76-a245-6260f653b258,4,40,None,,1972,6112,Esperance,Male,,,,,2,Gu853,Jet ski,4/26/2022 7:30:14 AM,Nicole.Hamre_UWA,4/26/2022 7:30:14 AM,Nicole.Hamre_UWA,4/16/2022 5:05:26 AM,Nicole.Hamre_UWA,4/16/2022 5:05:26 AM,Nicole.Hamre_UWA,,
245,5b985360-54fd-47af-a714-71c1ae715da0,0b70c41f-1e32-4c3d-9ae2-a5967b98c950,6,55,None,,1961,6450,Esperance,Male,1,3,2,1,5,Ant,,4/26/2022 7:30:14 AM,Nicole.Hamre_UWA,4/26/2022 7:30:14 AM,Nicole.Hamre_UWA,4/16/2022 5:16:22 AM,Nicole.Hamre_UWA,4/16/2022 5:16:22 AM,Nicole.Hamre_UWA,,
246,a551ce40-bd2c-4bc3-8aca-24e4507f96fd,af150a0d-d6d4-4cd9-baf3-cf637838d775,6,30,None,,1986,6450,Esperance,Male,,1,,2,5,Bt135,,4/26/2022 7:30:14 AM,Nicole.Hamre_UWA,4/26/2022 7:30:14 AM,Nicole.Hamre_UWA,4/16/2022 5:52:47 AM,Nicole.Hamre_UWA,4/16/2022 5:52:47 AM,Nicole.Hamre_UWA,,
247,aa7b17c9-49f4-4614-8aae-98efe6a20481,b0124cf8-94eb-4708-b39d-a720e778334e,24,45,None,,1969,6450,Esperance,Male,,1,,1,5,Chloe sue,,4/26/2022 7:30:14 AM,Nicole.Hamre_UWA,4/26/2022 7:30:14 AM,Nicole.Hamre_UWA,4/16/2022 6:02:55 AM,Nicole.Hamre_UWA,4/16/2022 6:02:55 AM,Nicole.Hamre_UWA,,
248,f5e04d2a-0113-46ae-b7dc-391ba628bb0a,7c69c81d-3c09-469e-9a97-5716e3fc72d7,35,40,AOW,250,1978,6450,Esperance,Male,1,,,,9,Gj417,,4/26/2022 7:30:14 AM,Nicole.Hamre_UWA,4/26/2022 7:30:14 AM,Nicole.Hamre_UWA,4/16/2022 6:18:46 AM,Nicole.Hamre_UWA,4/16/2022 6:18:46 AM,Nicole.Hamre_UWA,,
249,957aa44c-b979-4021-a902-d2c0e68b30f9,ab7d3d77-cbdf-4630-99a4-54130dc2e359,12,10,None,,1973,6450,Esperance,Male,,1,,,7,Gj194,,4/26/2022 7:30:14 AM,Nicole.Hamre_UWA,4/26/2022 7:30:14 AM,Nicole.Hamre_UWA,4/16/2022 6:22:48 AM,Nicole.Hamre_UWA,4/16/2022 6:22:48 AM,Nicole.Hamre_UWA,,
250,cdbdfab6-caf9-44e8-8f36-99912547614c,b7ae74c4-3b39-4d96-a367-269dac4049d6,3,12,None,,1972,6450,Esperance,Female,1,2,,,5,Dm247,,4/26/2022 7:30:14 AM,Nicole.Hamre_UWA,4/26/2022 7:30:14 AM,Nicole.Hamre_UWA,4/16/2022 6:34:25 AM,Nicole.Hamre_UWA,4/16/2022 6:34:25 AM,Nicole.Hamre_UWA,,
251,feb5547e-7f4a-4134-ac0b-eede604801aa,26a14717-2139-45ea-a7aa-95f0b2df441e,10,5,None,,1989,6430,Esperance,Male,,1,,,4,72045,,4/26/2022 7:30:14 AM,Nicole.Hamre_UWA,4/26/2022 7:30:14 AM,Nicole.Hamre_UWA,4/16/2022 6:44:34 AM,Nicole.Hamre_UWA,4/16/2022 6:44:34 AM,Nicole.Hamre_UWA,,
252,d6239a01-403f-4131-a72d-3dde86e34884,c6e12dee-dd3f-4472-a9e2-b6111b582c47,6,45,DM,450,1963,6450,Esperance,Male,,,,1,5,A1404,,4/26/2022 7:30:14 AM,Nicole.Hamre_UWA,4/26/2022 7:30:14 AM,Nicole.Hamre_UWA,4/16/2022 6:58:52 AM,Nicole.Hamre_UWA,4/16/2022 6:58:52 AM,Nicole.Hamre_UWA,,
253,d23ab137-2ab9-44f4-b797-a319eec93897,5ed0faf2-4356-4a17-b4a2-c5fdef7ce010,20,35,None,,1979,6450,Esperance,Male,,2,,,13,Gn707,,4/26/2022 7:30:14 AM,Nicole.Hamre_UWA,4/26/2022 7:30:14 AM,Nicole.Hamre_UWA,4/16/2022 7:06:52 AM,Nicole.Hamre_UWA,4/16/2022 7:06:52 AM,Nicole.Hamre_UWA,,
254,1015fd75-fa8f-44c3-b080-dd579f67a843,88b62671-c257-4f0a-b8ea-cf41fb7c584e,1,30,I,500,1986,6450,Esperance,Female,,1,2,,7,GI459,,4/26/2022 7:30:14 AM,Nicole.Hamre_UWA,4/26/2022 7:30:14 AM,Nicole.Hamre_UWA,4/16/2022 7:14:22 AM,Nicole.Hamre_UWA,4/16/2022 7:14:22 AM,Nicole.Hamre_UWA,,
255,b791f724-e5c4-40c2-b385-beca23b34af8,09dce737-8229-429b-9430-4a4b31f4b19f,50,27,None,,1985,6430,Esperance,Female,,2,,,5,Dn978,,4/26/2022 7:30:14 AM,Nicole.Hamre_UWA,4/26/2022 7:30:14 AM,Nicole.Hamre_UWA,4/16/2022 7:50:07 AM,Nicole.Hamre_UWA,4/16/2022 7:50:07 AM,Nicole.Hamre_UWA,,
256,380e4141-53b3-43dd-a32a-00d04b1542f3,51b63e4e-f91d-4110-b527-e5895b154122,2,40,None,,1965,6450,Esperance,Male,,1,,2,5,Bx052,,4/26/2022 7:30:14 AM,Nicole.Hamre_UWA,4/26/2022 7:30:14 AM,Nicole.Hamre_UWA,4/16/2022 7:53:53 AM,Nicole.Hamre_UWA,4/16/2022 7:53:53 AM,Nicole.Hamre_UWA,,
257,df431d44-ec35-45e9-8e13-ad1b52d60de0,2554bb3d-b172-4e0a-a31f-f0aefb0fe636,100,28,None,,1988,6450,Esperance,Female,1,1,,,4,Hook in-in,Hates the marine park,4/26/2022 7:30:14 AM,Nicole.Hamre_UWA,4/26/2022 7:30:14 AM,Nicole.Hamre_UWA,4/16/2022 7:58:06 AM,Nicole.Hamre_UWA,4/16/2022 7:58:06 AM,Nicole.Hamre_UWA,,
258,e907cc8b-9014-4235-a797-9d59b8570615,cfc1c208-99ea-400c-a44e-59f7568436c9,52,48,None,0,1971,6450,Esperance,Male,0,0,0,0,4,DE059,,4/26/2022 7:30:14 AM,Nicole.Hamre_UWA,4/26/2022 7:30:14 AM,Nicole.Hamre_UWA,4/18/2022 1:59:49 AM,Nicole.Hamre_UWA,4/18/2022 1:59:49 AM,Nicole.Hamre_UWA,,
259,4a368587-5207-4635-9590-43168df0c826,35a2d570-aa32-4742-8780-ce1936174f5e,1,55,None,0,1957,6450,Esperance,Male,0,1,0,0,4,90856,"Sara, surveyed boat before but new person",4/26/2022 7:30:14 AM,Nicole.Hamre_UWA,4/26/2022 7:30:14 AM,Nicole.Hamre_UWA,4/18/2022 2:25:25 AM,Nicole.Hamre_UWA,4/18/2022 2:25:25 AM,Nicole.Hamre_UWA,,
260,aa27e32f-26f8-4b65-9a9c-e633f282cad8,c5e9ba25-e6a4-4bd1-a85b-93aa29e204cf,8,40,None,0,1962,6450,Esperance,Male,0,2,0,0,5,GR383,,4/26/2022 7:30:14 AM,Nicole.Hamre_UWA,4/26/2022 7:30:14 AM,Nicole.Hamre_UWA,4/18/2022 3:22:49 AM,Nicole.Hamre_UWA,4/18/2022 3:22:49 AM,Nicole.Hamre_UWA,,
261,8b9eae40-6fec-4596-b87b-f52421db6e42,78da4ac9-7a19-456c-9efd-70a2827639d8,30,30,None,0,1970,6450,Esperance,Male,0,0,0,0,4,BT630,,4/26/2022 7:30:14 AM,Nicole.Hamre_UWA,4/26/2022 7:30:14 AM,Nicole.Hamre_UWA,4/18/2022 4:05:49 AM,Nicole.Hamre_UWA,4/18/2022 4:05:49 AM,Nicole.Hamre_UWA,,
262,bde35b37-feca-4034-b101-9c6a731a1f90,4c47c3d8-0f8a-42f9-b444-e80c9fe0912f,12,30,None,0,1982,6450,Esperance,Male,2,2,1,1,7,GD031,,4/26/2022 7:30:14 AM,Nicole.Hamre_UWA,4/26/2022 7:30:14 AM,Nicole.Hamre_UWA,4/18/2022 4:31:49 AM,Nicole.Hamre_UWA,4/18/2022 4:31:49 AM,Nicole.Hamre_UWA,,
263,bbf88080-3410-405a-b2a7-60e1b48db23c,0a746c95-eb73-45c3-a5be-338f291883ee,20,20,None,0,2002,6330,Esperance,Male,0,1,0,0,3,DD117,,4/26/2022 7:30:14 AM,Nicole.Hamre_UWA,4/26/2022 7:30:14 AM,Nicole.Hamre_UWA,4/18/2022 4:43:44 AM,Nicole.Hamre_UWA,4/18/2022 4:43:44 AM,Nicole.Hamre_UWA,,
264,673b96df-fd9f-47ef-9356-906e1ccc0c8f,1965dc34-c1dd-4374-8faa-82abdb43cb46,20,35,None,0,1981,6450,Esperance,Male,0,1,0,1,4,DP921,,4/26/2022 7:30:14 AM,Nicole.Hamre_UWA,4/26/2022 7:30:14 AM,Nicole.Hamre_UWA,4/18/2022 4:54:40 AM,Nicole.Hamre_UWA,4/18/2022 5:01:41 AM,Nicole.Hamre_UWA,,
265,1d5c07f1-3423-42de-8bae-86a459e51454,467cd45a-dd62-49e6-a272-cb9ff2b1c2cd,20,60,None,0,1955,6450,Esperance,Male,0,1,0,0,,DM815,,4/26/2022 7:30:14 AM,Nicole.Hamre_UWA,4/26/2022 7:30:14 AM,Nicole.Hamre_UWA,4/18/2022 5:29:46 AM,Nicole.Hamre_UWA,4/18/2022 5:29:46 AM,Nicole.Hamre_UWA,,
266,d0550a99-a957-4b48-b780-9b59827c46b0,fd180512-d4b4-4d2c-b9b7-ffb78dc1a633,10,40,None,0,1966,6442,Esperance,Male,1,0,0,0,6,44996,,4/26/2022 7:30:14 AM,Nicole.Hamre_UWA,4/26/2022 7:30:14 AM,Nicole.Hamre_UWA,4/19/2022 12:47:07 AM,Nicole.Hamre_UWA,4/19/2022 12:47:07 AM,Nicole.Hamre_UWA,,
267,60ab0345-6889-442e-84a6-8d3f4c8d50f0,e2d541f3-587c-40ef-9330-3c34f5d52444,60,21,OW,5,2000,6008,Esperance,Male,9,4,0,0,6,DX416,,4/26/2022 7:30:14 AM,Nicole.Hamre_UWA,4/26/2022 7:30:14 AM,Nicole.Hamre_UWA,4/19/2022 2:35:02 AM,Nicole.Hamre_UWA,4/19/2022 2:35:02 AM,Nicole.Hamre_UWA,,
268,a1ecd98b-bfa7-44e1-a9f2-111b5043f333,13c582eb-cb2a-4399-9532-923b3e14fcaf,51,30,None,,1976,6450,Esperance,Male,,1,,2,5,Ge716,,4/26/2022 7:30:14 AM,Nicole.Hamre_UWA,4/26/2022 7:30:14 AM,Nicole.Hamre_UWA,4/19/2022 5:10:11 AM,Nicole.Hamre_UWA,4/19/2022 5:10:11 AM,Nicole.Hamre_UWA,,
269,200474eb-4932-4156-b51b-17253b31c9c2,60bf6d99-857d-4210-852f-dc3456d4236d,35,40,None,0,1980,6450,Esperance,Male,0,2,0,0,5,86481,,4/26/2022 7:30:14 AM,Nicole.Hamre_UWA,4/26/2022 7:30:14 AM,Nicole.Hamre_UWA,4/19/2022 5:41:29 AM,Nicole.Hamre_UWA,4/19/2022 5:41:29 AM,Nicole.Hamre_UWA,,
